query,ground,type,result,correct
包含'汉语常用词词频表'的句子,汉语常用词词频表,1,汉语常用词,
汉语常用词词频表,汉语常用词词频表,101,汉词频表,
长长的堤坝或防洪设施。,长堤,1,长长的堤防,
照顾小孩和老人。,携幼扶老,1,照顾+小孩/n+老人,
行为或风格古怪。,古古怪怪,1,古怪,
动作轻柔，不发出声音。,轻脚轻手,1,摸,
包含'说来话长'的句子,说来话长,1,说说话长,
说来话长,说来话长,101,话说回来,
包含重要的是后接空格的句子,重要的是 ,1,重要的是+,
描述回忆过去事件或情景的句子,回忆,1,记得到,
描述出版书籍、文章或其他作品的过程或结果,出版,1,出版+作品/n+写,
描述生命与和谐共存的关系或状态,生，和谐,1,生命和谐,
生，和谐,生，和谐,101,生/v 和谐,
强调重要信息重复三次,重要的事情说三遍,1,重要 (n) 。{count($1)=3},
重要的事情说三遍,重要的事情说三遍,101,重要+事情/n+说+三+遍/v,
一种珍贵的宝石，常用于形容事物的珍贵或美丽。,翡翠,1,珍珠,
数字或序数词与'堆'的组合，可能指数量上的第一组或序列。,第一堆,1,头堆,
可能指代喜欢韩国文化、艺术、音乐等的群体，前后两个'哈韩族'可能用于强调或区分。,哈韩族+哈韩族,1,哈韩族韩粉,
动词后接介词，表示以人权为某种目的或基础。,人权以,1,v人权以,
包含坏的句子,坏,1,坏.,
河流名称，位于中国陕西省,汉江,1,陕西省 河流/n 河,
动词+茶，表示品茶或感叹饮茶之事,叹茶,1,茶是,
动词+来，表示到来或带来,开来,1,进来,
包含'中国和马来西亚'这个词语的句子,中国和马来西亚,1,中国/ns+和+马来西亚/ns,
中国和马来西亚,中国和马来西亚,101,中国/ns+马来西亚,
可能描述物体表面有斑点、不平整的状态，或者比喻经历丰富、留下痕迹。,斑斑,1,斑驳,
表示除了前面提到的内容之外，还有和谐这一共同点。,以及和谐,1,除了...和谐,
表示虽然存在困难或挑战，但仍有解决的可能性。,也未可,1,虽难但可,
与品鉴、评价相关的行为或描述,品味,1,评酒,
描述中庸之道或和谐状态的句子,中庸和谐,1,调和,
历史时期、时代变迁或文化背景相关的句子,时代,1,古代,
表示惊叹或疑问的语气词，用于口语交流,呀，,1,呀？,
表示接下来要说或解释的内容,那说来,1,再说一遍,
表示似乎更愿意选择某种方式或结果,似乎宁愿,1,似乎更愿意,
用于评价或反思某人的言论,这话说的,1,评说,
表示事物之间的联系或关联。,相关,1,乎连,
表示对某观点或陈述的同意或引用，用于进一步说明或展开话题。,照这样说,1,说的好！,
表示在国际关系、外交政策或其他领域中追求和平、合作和友好交往的目标。,和谐对外,1,和平外交,
作为连接词，表示并列、同时或综合的关系，用于连接概念、事物或动作。,及,1,既...又...,
不协调、不合拍的状态,不着调,1,不和谐,
加强国家稳定和安全的措施或目标,安邦定国+安邦定国,1,保安全,
箱子或袋子,箱包,1,包,
表面上看起来愿意,似乎愿意,1,表面上看起来愿意,
未知含义,处置,1,搞了,
未知含义,处置,1,搞了,
未知含义,处置,1,搞了,
未知含义,处置,1,炸了,
生活之后接和谐,生活和谐,1,生活/vn+和谐,
"包含""水一程，""的句子",水一程，,1,"水一程，""",
单个词语,尊重科学,1,诚心,
单个词语,尊重科学,1,脸孔,
单个词语,尊重科学,1,联系,
单个词语,尊重科学,1,大概,
包含‘面子’重复出现两次的句子,面子不面子,1,面子面子,1
以‘唱’开头，以‘歌’结尾的句子,唱 歌,1,唱+歌/n,
单独的词汇，可能出现在句子中,白旗,1,退休,
单独的词汇，可能出现在句子中,白旗,1,套,
单独的词汇，可能出现在句子中,白旗,1,份儿,
单字短句，句首为结合，在之间有空格,结合在,1,combined,
半天后邻了,了半天,1,半天后邻了,1
飞扬后邻飞扬,飞飞扬扬,1,飞扬/v+飞扬,
通常用来指代特定事物的常见名称或通俗说法,俗称,1,叫兽,
表示无法理解或解释某个复杂或抽象的概念,理解不了什么,1,必不裂解,
勉强达到满意或合格的状态,凑凑合合,1,勉强,
表示程度或感觉的轻微或强烈,有点儿很,1,浅浅,
表示迅速或强行前进的动作,冲上来,1,赶紧v,
用于称呼特定的公司、组织或个人,宝号,1,于此n,
描述事物逐渐增长或发展的过程,长得越来越高,1,逐渐长,
日常交流的行为,说话,1,对话,
引出一个出乎意料或讽刺的事实,可笑的是,1,事情太讽刺了,
形容对事物不感兴趣或无动于衷的态度,漠不关心,1,无关紧要,
包含'派'后跟一个动作或状态的句子,派过,1,派+V下,
包含'异'和'和谐'两个实体名称，中间用逗号分隔的句子,异，和谐,1,异/a+和谐，,
异，和谐,异，和谐,101,异/d+和谐,
包含否定词'没'和动词'开玩笑'的句子,没开玩笑,1,没+开玩笑/v,
无法解析具体含义，可能为特定词语或文本,松紧,1,靶子,
无法解析具体含义，可能为特定词语或文本,松紧,1,答答,
无法解析具体含义，可能为特定词语或文本,松紧,1,靶子,
所+噶+的组合，具体含义需进一步明确,所噶+,1,所+噶/d+的,
忠诚至死不渝的态度,忠心赤胆,1,忠诚不二,
说话或做事的方式或风格,腔调,1,的些,
音乐旋律的和谐或协调,旋律和谐,1,调和谐,
副词接极其不,极其不,1,极其不a,
形容词接够诚意,够诚意,1,够a诚意,
名词,渣男,1,声音,
啄后面离合出现破,啄破,1,啄*破,
和谐后接的音,和谐的音,1,和谐+v,
包含过一，。的句子,过一，。,1,过一。,
对后面接吧,对吧,1,对/p 吧/d,
表示提及某事会引起不愉快或尴尬的情绪，常用于对话,别提了，,1,真不好意思,
表示生物体发育初期阶段的形态或组织,胚胎,1,嫩芽,
表示对人权的重视或天性赋予人权的观念,人权天,1,人权本性,
包含文字读起来的句子,文字读起来,1,读起来,
包含严格和讲的句子,严格讲,1,严格来讲,
包含日日夜夜这个词语组合的句子,日日夜夜,1,日夜,
日日夜夜,日日夜夜,101,日夜 relative,
作为一个整体的词汇或短语,传达和谐,1,还是,
作为一个整体的词汇或短语,传达和谐,1,面点,
作为一个整体的词汇或短语,传达和谐,1,配合,
作为一个整体的词汇或短语,传达和谐,1,面面俱到,
副词 + 欢喜,欢欢喜喜,1,d欢喜,
副词 + 无,无怪乎,1,d无,
名词,渣男,1,精神,
副词 + 既然,既然如此,1,既然a,
别提这个短语,别提了,1,别提,1
嫩跟了嫩,嫩嫩,1,嫩/a+了/v,
条件词,如果,1,条件/q,
动词后接的词汇,却瘟,1,呈现,
描述关系的词汇,相互保,1,亲,
拟声词,唧唧,1,吧了吧,
包含一个标点符号后紧跟'i'，然后是'。'的句子,，+(i)+。,2,w+i。,1
"包含""w+v""之后得稍再加上""a+w""的句子",w+v得稍a+w,2,w+v+稍+a+w,
名词 '半夜' 后面紧跟着形容词 'd',半夜 d,2,半夜+d,1
形容词 '老' 后面紧跟着名词 'n'， 表示 '老了',老n了,2,老n,1
时间词左右,t左右,2,左右w,
让接一个动词，接他接一个动词,让他v他就v,2,让v+他+v,1
包含该后接名词s的句子,该 n s,2,该+n+s,1
包含一后接a再接n的句子,一 a n,2,一+a+n,1
p和r作为一个组合实体,p+r,2,(p)+(r){$1=$2},
能之后，紧接着动词，多少作为独立的实体，再接就多少,能V多少就多少,2,能+v+多少,
动词得后接副词可以,得可以w,2,v得可以,
动词后接冤,v冤了,2,v冤,1
动词后接哪哪,V哪V哪,2,v哪哪,1
哒 声音词 的句子,o哒,2,哒/y 声,
多 动词 的句子,多+v,2,多v,1
N 名词 后接 人 的句子,N人,2,N 人,1
询问有什么好做的事情，vn表示动词，后面跟'的',有什么好 vn 的,2,有什么好做+vn+的,
形容词a修饰的'中'，后面跟着动词v，最后是形容词a,a中v着a,2,中a v a,
动词在后面跟着名词N，再跟着'上',在N上,2,V在N上,
N后面紧跟着难，然后是动词V，句尾是句号,N难V。,2,./n 难 V ，,
动词后接自己,v我自己,2,v自己,1
动词后接名词再接动词再接下去,V+N+下去,2,V n v下去,1
动词后接名词再接动词再接了,(v)+n+(v)了,2,v n v 了,1
我作为主语，后接形容词我的，表示所属关系,我v我的,2,我+我的/r,1
一对是名词，表示成双成对的事物,一对n,2,一对,
y是语气词，表示评价或感叹,挺好的y,2,y,
动名词后接得，表示动名词加得的组合,v+n+v 得,2,vn+得,1
区别词后接形容词再接的，表示区别词加形容词和的的组合,d + a 的,2,d+a的+w,
名词后接一棵再接名词，表示名词加一棵和名词的组合,m + 棵 + n,2,一棵n+n,
否定词后接动词再接名词，表示否定词加动词和名词的组合,不 v 此 n,2,没+v+n,1
包含'不'后面接形容词，然后接名词的句子,不a不n,2,不a n,1
包含动词'v'后面接'v了'的句子,v v了,2,v+v了,1
包含'特别'后面接名词的句子,特别  n,2,特别n,1
动词后接m肩,v+m 肩,2,v m肩,1
数量词后接尺名词,一 尺 n,2,m尺,
连词后接因为,因为 c,2,因为a,
形容词后接典礼,a 典礼,2,a典礼,1
名数构成的量词后接名词,m+节+n,2,m的n,
形容词听后接起来,听起来a,2,a听起来,
包含管后面紧跟名词，再紧跟叫的句子,管n叫,2,管*n叫,
包含动词后紧跟得正，后面紧跟形容词，最后紧跟动词的句子,w v得正a w,2,w得正a v,
动词+动词,V+V,2,受用/v+受用/v,
专名后接提拔,nr提拔,2,ns 提拔,1
动词有什么后接好、名语素Vg、形容词的,有什么好+Vg+的,2,有什么好Vg的,
动词后紧跟着名词,(v)与(n),2,v上n,
以'V'开头的词，后面紧跟'个'，再紧跟以'V'开头的词,V了个V,2,(V)个(V){$1=$2},
被后紧跟着名词，然后是动词，最后以一下结尾,被n+v一下,2,被n v一下,1
动词后紧跟着老年,v老年,2,v 老年,1
把、名词后接踩,把 n 踩,2,把N踩,1
动词后接错,V错,2,v错,1
名动词后接经验,p经验,2,经验n,
动词短语，表示‘突然变化或变换动作’的意思,忽v忽v,2,瞬间+变成/v,
形容词后接动词，表示‘增加速度’的意思,a加速,2,a的速度增加,
动词短语，表示‘仍然或仍旧’的意思,依然v着,2,依然+nr+r,
动词短语，表示‘熬煮’或类似长时间加热或烹饪的意思,d熬,2,煮,
动词说后接名词给，再接r,说n给r,2,说给n r,
包含形容词'a'后接'死了'的句子,a 死了,2,a死了,1
量词后接口,m口,2,q接口,1
动词把后接名词n，然后是动词v，最后是了,把+n+v+了,2,把 n v 了,1
形容词r后接两个动词v，中间逗号隔开，然后是的，最后名词n,r v v 的 n,2,r+v+的+n,
动词后面接名词 '一颗',v一颗,2,一颗n,
名词后接这和名词,这n r,2,这n了,
方位词后接横竖,横竖d,2,f横竖,1
人名后接欺骗,nr欺骗,2,nr*欺骗,
数量词后接名词,一袭N,2,一支n,
动词后接不，然后比，再接两个名词,不比n+n+,2,不比n n,
两个名词后接搭建,n n 搭建,2,n+n+搭建,1
标点后接各+量词+名词,w各一q,2,w各q n,1
代词后接把+动词+的+标点,把r+v的w,2,r把v的+,
名词n后接动词拿、名词n、动词v,n 拿 n v,2,n+拿+n+v,
动词后接死了，再接句尾,v死了w,2,v 死了。,1
名词后接看法，再接形容词,看法a,2,看法 w,
形容词后接统一，再接vn,统一vn,2,a统一vn,1
依照后面跟着名词,依照n,2,依照*n,
刷后面跟着动词v,刷v,2,刷+v,1
一后面跟着名词n，再跟着动词v死,一n+v死,2,一n v死,
动词'把'后接名词， 然后在名词后面接'在',把N糊在,2,把n在n,
名词后接'迈',m迈,2,迈什么n,
名词后接两个名词， 再接动词,每年n n v,2,一年n+n+v,
名词后接'人人',人人w,2,人人n,
创建后接一个名词，然后重复该名词,创建n n,2,创建++n+,
原本或本来后接形容词,本来d,2,[原本 本来]d a,
尤其后接动词,尤其 v,2,尤其+v,1
名词并后接名词，再接着,(n)并(n)着,2,并n再n,
在名词后接方位词,在n f,2,在n+f,1
动词后接名词,v号房,2,给n,
名词后接连词，再接名词,连n都,2,经不起n*n,
动词后接动词,说a就a,2,v了v,
形容词 '太好' 后面紧跟着一个 '了',太好a了,2,太好/a 了,1
方位词 '关' 后面紧跟着一个 'c',关+c,2,关c,
动词 'v' 后面紧跟着一个 '有加',v有加,2,v 有加,1
包含‘请求’作为动词的句子,请求v,2,请求/v,1
包含动词‘进’后接动词‘来’的句子,v进来,2,V进来,
包含感叹号后接名词、‘是’、名词、感叹号的句子,!+n是n+!,2,！n是n！,1
包含动词‘抓’后接名词的句子,抓紧N,2,抓着n,
动词后接'哭了',v哭了,2,哭了n,
名词后接'精神',精神a,2,精神n,
有什么 + 好 + 助词 + 的,有什么好+l+的,2,有什么+好/u+的,
动词 + 醉了,v醉了,2,醉了,
一些 + 形容词,一些a,2,一些 a,1
名词 + '室',n室,2,N室,1
名词 + '耳',耳n,2,N耳,1
一后接名词月亮,一n月亮,2,一月亮,
关后面接动词,关+vn,2,关*v,
否定词后接动词和助词,没 v p,2,没+v+p,1
动词后接妥当了,v妥当了,2,v妥对了,
v妥当了,v妥当了,102,v妥对了,
了之后又动词、之后又动词、之后又动词,了又v v了又,2,了又v+v+v,
动词学、名词坏,学坏n,2,学/v+坏,
作为原因的单词,原因w,2,原因是w,
你说了 我 是 不 是 的 句子,你说我a不a,2,你说 I 是 不 是,
写 + 单词 N 的句子,写N,2,写n,1
我的 + 名词 的句子,我的+n,2,我的n,1
w之后是我，之后是一个n词性，之后是w,w+我一个n+w,2,w是我n+w,1
没有之后是动词,没有+V,2,没有V,1
形容词后接鬼,a 鬼,2,a鬼,1
正在进行时的动词,正在 V,2,进行v,
副词后接形容词，再接形容词，最后空格,(d) + (a) 的,2,d a得a,
形容词后接专人,a 专人,2,a专人,1
包含两个名词，第一个名词后接'比'，再接一个形容词的句子,n比n+a,2,n比n*a,
包含形容词修饰名词'王'的句子,a+王,2,王a,1
包含动词挨后面跟名词n和m的句子,挨了n m,2,挨n m,1
包含动词v后面跟着m m q的句子,v着m m q,2,v m m q,1
包含动词v后面跟一再接名词的句子,v一n,2,v一再n,
外动词 + 内动词，表示对外部和内部同时进行的动作,外 v 内 v,2,外V内V,1
我为主语，这个为宾语或形容词，表示我这个（某物）,我 这个 n,2,我这个../n,
我 这个 n,我 这个 n,102,我这个n,1
不比为动词，表示比较或对比,v 不比 v,2,不比,
动词 + 了 + 二 + 名词,v了二q n,2,v了二n,1
副词 + 动词 + 副词,d v r,2,d+v+r,1
人名后接人名后接动词,他n+n+v,2,nr n v,
量词后接都,每q都,2,m都,
逗号后加多次动词的句子,，多次v,2,， v多v,
不论加名词还是加名词的句子,不论n还是n,2,不论n+n,
经验加u的句子,经验+u,2,经验u,1
动词后接'得越'，然后接形容词，再接动词,w + v 得越 a + w,2,v得越a v,1
动词后接'教训',v 教训,2,v教训,1
否定词后接名词，再接动词,无 + n 可v,2,没+n+v,1
否定词后接动词,没几 v,2,没+V,
动 下来了,V 下来了,2,V下来,1
r 阿 Q,r+阿+Q,2,r 阿 Q,1
表示对过去行为的回顾或强调动作的持续性,还v+w,2,打过,
可能表示某种情感的表达或动作,m掬,2,或许+../v,
m掬,m掬,102,m这样您就可以,
表示动作持续了几秒,v了几秒,2,了一秒[， 。],
表示寻找或说明某事发生的原因,v原因,2,为什么,
以'不'开头，紧接着一个动词，然后是'白不'，再接一个动词的句子,不(v)白不(v),2,不V白不V,
动词后紧跟着'衣冠楚楚'的句子,衣冠楚楚v,2,v衣冠楚楚,1
动词后紧跟着'了二q'且q为量词的句子,了二q,2,v了二q,
名词后接动词,感情v,2,storm v,
语气词后接呢,还u呢,2,呢r,
名词后接名词,n型n,2,为n而n,
副词后接动词,还+v,2,很 V,
依赖 + 名词,依赖N,2,依赖n,1
动词 + 上海,v上海,2,看得+上海/n,
"副词""还""之后紧跟""j""，之后为""呢""",还j呢,2,还d+j呢,
"动词""看""之后跟动词""r""，之后为""v""，之后为名词""的""，最后为""w""",看r v的w,2,看r+v的w,1
时间后接一，再接量词和名词,时间是一q,2,时间一q+n,1
w后接名词，再接外的，外的后接名词，最后w,w n 外的n w,2,w+n+外的n+w,1
往后接名词，再接动词,往+n+v,2,往后n+v,1
在后面接名词、钉,在N钉,2,在n钉,1
太后面接形容词、一、点,太n了一点,2,太+a+点,
后接m，再接量词，再接名词,那后m+q+n,2,里m q n,
副词后接动词,还+v,2,d v,1
动词后接'啊'（拟声词），然后接'的'（助词），表示口语化的表达,V啊V的,2,v啊m的,
表示程度非常高的形容词后接'了'，表示非常,可a了,2,非常a了,
动词后接两个名词，表示结果或影响,使得n+n+,2,v n n[， 。],
名词后接'一个'（量词），表示单个的或特定的数量,我一个n,2,n个,
动词后接着玩,v着玩,2,v 玩,1
句首w后接v，v后接个，个后接名词n，最后再接w,w v 个n w,2,w v 个 n w,1
d和d并列使用的句子,d和d,2,d d,1
w之后很a的是w组成的句子,w 很a的是 w,2,w+很a+是w,
形容词后接名词,a变革,2,a上楼,
名词后接绿，绿后接名词,n绿n,2,m+绿+n,
位于某个地方的半岛区域,a半岛,2,在/p+半岛,
倒或喝一杯液体的动作,v一杯,2,v 一杯液,
充满或达到容量的动作或状态,v满了,2,填满,
说话的方式或风格,口吻w,2,说语,
问句形式，询问有什么好形容词+的,有什么好+d+的,2,有什么好a的,
动词'不敢'后接某个词的句子,不敢v+w,2,不敢v,
形容词后接表示不堪的句子,不堪v,2,不堪a,
形语素后接量词和名词的句子,那前m+q+n,2,m q n,
形容词后接表示不大的句子,大不a,2,不大a,
心情作为动词后接'上',心情V上,2,心情/v+上,1
名词后接这和那,n这n那,2,这那n,
形容词后接信息,a信息,2,信息a,
概念作为名词后接形容词,概念a,2,概念/n+a,1
比较后接动词把、名词、动词了,比较把n v了,2,比较把n+v了,
名词的后接上、助词,的n 上 w,2,的n+上+w,
动词后接过、名词、动词来、句尾点,v过n来。,2,v过n来q+,
动词之后接散，散之后接s,v+散+s,2,v散s,1
代词r之后接d,r+d,2,r d,1
名词之后接房，房之后接名词媳妇,m房媳妇,2,n 房 媳妇 /n,1
包含名词'调查'的句子,调查n,2,n调查,
包含标点符号'，'后紧随名词'众'的句子,，众n,2,，+n+众/n,
每个后接名词，名词后接都,每个n都,2,每个n都n,
怎么后接动词，动词后离合出现的为N的句子,怎么V的N？,2,怎么V的N,
一后接动词，动词后离合出现就是,一V就是,2,一v*就是,1
动词后接'你'这个代词，然后是数词和名词，具体动作由上下文决定,v 你 m n,2,v+你+m+n,1
动词后接否定词，表示某事难以避免或很难不想,想不v都难,2,v不了,1
动词表示尚未发生或未完成的动作,未v,2,没v,
副词后接动词，表示极好的程度,太好v了,2,很+v得,
以抖音为结束的二字动词句子,w+v抖音,2,../v+抖音,
包含'吃'后面直接接动词的句子,吃 vn,2,吃 v,1
包含'被'后面接名词的句子,n被,2,被N句,
动词后面接'了'、数词、'下午'、定冠词再接名词的句子,v  了 m  下午 的 N,2,v 了 m 下午 ， n,
动词前接动词，后接动词。,v前v后,2,v+v在v,
e。,e,2,e。,1
有什么后接好，再接动词，最后接形容词,有什么好 v 的,2,有什么好+v+的,
立这个动词,立s,2,立/v,1
逗号后接但是这个连词,，但是v,2,、但是,
形容词那么后面接一个词，表示程度加强,那么a+w,2,那么......,
介词从中后接把，再接动词，表示动作从某物中取出,从中把n v了,2,从中把V出,
动词忽略，表示忽视或不考虑的行为,忽略n,2,忽略v,
尤其后面接名词,尤其 n,2,尤其+n,1
名量词后面接劳动,劳动m+q,2,m劳动,
动词 '分' 后接动词 '析' 的句子,p分析,2,分+析,
名词 '外' 的句子,n外,2,外n,
动词 '份' 后接动词 '一' 的句子,v一份,2,一份一v,
格外之后接形容词，后面跟着一个空格，再接名词,格外a n,2,格外 a n,1
经历之后接动词,经历+d,2,经历v,1
名词后接梗,梗n,2,n梗,1
动词后接洋气,v洋了,2,v洋气,1
量词后接口、名词,m+口+n,2,一接口n,
倾向后接助词,倾向w,2,倾向@,
动词 v 后接 来 v 后再接 去,v来v去,2,v 来 v 去,1
动词 v 后接 v 了 w,v+v了w,2,v+v了+w,1
观点后接 v,观点v,2,观点/n+v,
动词那么后面接形容词或名词,那么v w,2,那么v+w,
副形词说,ad说,2,说a,
动词后接有，再接量词和名词,w有两q,2,有m q n,
疑问词后接名词，再接是，再接名词，最后疑问词,？+n是n+？,2,w n 是 n w,
量词后接一套,一套N,2,m一套,
形容词后接古老的,古老的N,2,a古老的,1
形容词大力后面紧跟把，然后是名词n，最后动词了,大力把n v了,2,大力把n+v了,
形容词如此后面紧跟a，再跟一个词,如此a w,2,如此a+w,
名词后接自身,n自身,2,n自己的n,
动词后接悲哀,悲哀V下,2,悲哀n,
数字后接名词,一辈n,2,一头n,
情况后接量词和名词,q情况,2,情况在q+n,
名词后接后遗症,n后遗症,2,n 遗症,
形容词后接情绪,a情绪,2,情绪a,
在图书馆动词,在图书馆V,2,在图书馆v,1
形容词后接前、名,前m名,2,a+名/n,
连词后接动词、也,连v也,2,../v也,
一吨后接名词的句子,一吨n,2,一吨 n,1
形容词a后接一点的句子,a一点,2,a一点是,1
名词后接名词的句子,n+n,2,n就n,
不得后接动词v的句子,不得v,2,不得+v,1
真的后接动词，后接了，w,真的是v了w,2,真的v了w,1
d后接太好了,d太好了,2,d 太好了,1
发生后接名词,发生n,2,发生+n,1
形容词 + 的 + 名词,a 的 n,2,a+的+n,1
名词'nr'后面跟着疑问词'在哪里'的句子,nr在哪里v,2,nr在哪里,1
名词'面'后面跟着名词'n'的句子,m面n,2,m n,
名词'事'与'愿违'连续出现的句子,n事与愿违,2,事与愿违,
名词后面跟着另一个名词的句子,n+nr,2,n的n,
以名词'大'开头，后面跟着量词和名词的句子,大ns,2,n大q n,
以形容词'得特'后面跟着助词'w'的句子,得特a w,2,得特a+w,
为后接动词,为v,2,为/v,
好后接动词,好 v,2,好+v,1
动词后接到、s,v到s,2,v到+s,
动词后接请、vn,v请vn,2,请+vn,
动词后接特别,v特别,2,特别v,
数量词后接动词,这么一V,2,一口V,
"动词后跟""死了""",v死了,2,v 死了,1
"把后跟一个名词，然后跟一个动词，再跟""下去""",把 N V 下去,2,把*n v下去,
包含'心情'后接形容词的句子,心情a,2,心情+a,1
包含'愿意'后接动词的句子,愿意+v,2,愿意V,1
包含'我'、动词、名词和助词组成的序列的句子，且我、动词、名词和助词之间没有空格,我v的n w,2,我 (v) 会+。,
把作为检索式,把r,2,把n,
动词后接过,V过了,2,v过,1
动词这么后接拟声词,这么v+w,2,这么v*r,
形容词后接亲戚,a 亲戚,2,a亲戚,1
动词后接了，再接礼，句尾为句号,v 了 礼。,2,v了礼。,1
m后接块，块后接钱,m 块 钱,2,m+块+钱,1
n后接里，里后接n,n里的n,2,n里n,1
没后接动词，动词后接名词，名词后接动词,没 v n v,2,没+v+n+v,1
形容词非修饰的名词，表示必要性或强制性,非a不可,2,必需n,
形容词这么修饰的名词，表示程度或数量,这么q+n,2,这么n,
时间表述，强调了具体的时刻或时间段,半夜 f,2,now定时,
名词的后面紧跟下w,的n 下 w,2,的n+下+w,
名词尊重后面跟着N,尊重+N,2,尊重N,
v着表示正在进行的动作，n+v表示动作的承受者和动作,v着 n v,2,v着+n+v,
买表示购买，p+n表示购买的对象,买p+n,2,买+p+n,
不表示否定，怎么表示程度，v表示动词，整体表达为不那么做了某事,不怎么v,2,不+怎么/r+v,
疑问词w后面接似乎，再接疑问词,w似乎w,2,w似乎什么,
动词制造后面接名词,制造+n,2,制造n,1
动词后接名词和的后接名词,V n的n,2,V+n的n,1
名词后接ing,n ing,2,n+ing,1
形容词'该'后接量词，表示特定数量的描述,该 q ,2,该m q,
动词'暗中'后接名词，再接动词，表示秘密或隐蔽的行为,暗中把n+v了,2,暗中v n,
我后接只能动词听的组合,我+只能/v+听,3,我+只能/d+听,1
一和名之间用空格隔开的组合,一/m 名/q,3,一+名/n,
瞬间后接一个逗号,瞬间/t+，,3,瞬间 ，/w,1
保安全,保+安全/an,3,保安全,1
n的n感情,n 的 感情/n,3,n的n感情,1
太d,太/d d,3,太d,1
逗号符号后接要动词，且每个词之间没有空格,，/w 要/v,3,， 要/v,1
地域名词后接特征名词，然后接明显形容词，且每个词之间没有空格,地域 特征/n 明显,3,地域+特征/n+明显,
消费后接体验，体验后接的动词再接开始,消费 体验/v 开始,3,消费+体验/v+开始,
单音节动词后接远，后面再接了,./v远 了,3,./v远+了,1
第八十九后接条，条后接量化单位,第八十九/m 条/q,3,第八十九/m+条/q,
顶后接二字动词，二字动词后接单音节名词,顶/v ../n ,3,顶/v+../n+,
"包含""张万年同志""的句子，其中""张万年""是人名，""同志""是词",张万年/nr+同志,3,张万年/nr 同志,1
"包含""艰难困苦，""的句子，其中""艰难困苦""是形容词短语，""，""是标点符号",艰难困苦/i+，/w,3,艰难困苦，,
"包含""属于自己""的句子，其中""属于""是动词，""自己""是词",属于/v+自己/r,3,属于/v 自己,1
"包含""把+n+v了""的句子，其中""把""是介词，""n""是名词，""v""表示存在一个动词",把/p+n+v了,3,把+n+v了,1
房子后接里,房子/n+里/f,3,房子+里/d,
研究动词后接制定，制定后接配套，配套后接举措,研究/v+制定+配套+举措/n,3,研究 制定/v 配套 举措,
半作为一个词性标记,半/m,3,半@,
逗号后接园区,，/w+园区/n,3,，/w+园区,1
包含疑问词'什么'，之后以问号结束的句子,什么+？/w,3,什么？,
包含'问'，紧接着是'他'，之后是'忙',问 他/r 忙,3,问+他/r+忙,
包含'张智勇'，紧接着是'摄'，之后是'人民',张智勇 摄/v 人民,3,张智勇+摄/v+人民,
包含单音节动词，紧接着是'了',./v累+了,3,./v了,1
"网络后接""时代""，然后句尾接""，""",网络 时代/n ，,3,网络+时代/n+，,
"动词后接""迷途""",为/v 迷途,3,迷途v,
并接不是（c）接今冬,并 不是/c 今冬,3,并+不是/c+今冬,1
重庆（ns）接扩大,重庆/ns 扩大,3,重庆/ns+扩大,1
单音节动词接单音节形容词,./v+./a,3,./v../a,
不（d）接可阻（a）接，（w）,不/d 可阻 ，/w,3,不/d+可阻+，/w,
起动词后接单音节名词，句末有空格,起/v ../n ,3,起/v+../n+,
产业后接同样副词，后接需要,产业 同样/d 需要,3,产业+同样/d+需要,1
好心名词后接好心名词,好心/n n,3,好心/n+n,
会后跟不（d）和会作为连续的词语进行检索,会 不/d 会,3,会+不/d+会,
从后跟哪儿（r）和来作为连续的词语进行检索,从 哪儿/r 来,3,从+哪儿/r+来,
名词后接的真心名词,n 的 真心/n,3,n+的+真心/n,
动词后接亲情名词,v*亲情/n,3,v+亲情/n,1
开放性以句末符号结尾,开放性/n 。/w,3,开放性/n+。/w,
极后接a,极/d+a,3,极a,1
马上（d）后接单音节动词,马上/d v,3,马上 (v),
名词后接空格，再接好意（n）,n 好意/n,3,n+好意/n,1
动词后接好感（n）,v+好感/n,3,v*好感/n,
包含后接许多的句子,了 许多/m 。,3,许多n,
包含表示后接的句子,表示/v+。/w,3,了+V,
包含正深度的描述,正/b+深度,3,正深度,1
包含方便的形容词,方便/a,3,方便a,
人名后接动词,李朝辉/nr+说,3,nr+v,1
动词等,等/v,3,v等,
地名后接人名后接形容词,北京+杨秀宇/nr+有偿,3,以色列+斯/s+恩,
当代 + 文学 + 名词研究会,当代 文学/n 研究会,3,当代+文学/n+研究会,
到位 + 句尾符号,到位+。/w,3,到位/i 。,
中国 + 形容词传统 + 名词节日,中国+传统/a+节日,3,中国/ns+传统+节日/n,
单音节字y + 副词太,y+太/d,3,y太,
的后接就是，就是后接党性，党性为名词,的 就是/d 党性,3,的+就是/d+党性,
坚持后接立行，立行后接立改,坚持/v 立行 立改/v,3,坚持/v+立行+立改/v,
的后接形容词好,的+好/a,3,的+好/d,
"包含""大""作为名词的句子",大./N,3,大n,
"包含""：""、""快艇""和""、""的句子，它们必须是连续的",： 快艇/n 、,3,"："" 快艇 、/w",
"包含""说""和""。""的句子，它们可能是连续的或分开的",说+。/w,3,说.,
名词后接单音节动词，再接动词,n+./n+v,3,n1 v了,
伸后接单音节动词组成的句子,伸./v,3,伸+../v,
为后接中国、工业组成的句子,为/v 中国 工业/n,3,为/v+中国+工业/n,
支持后接力度、。组成的句子,支持 力度/n 。,3,支持+力度/n+。,
省略部分的动词在中间,.../v中w,3,.../v 中,
修饰产权的没,没/d 产权/n,3,产权没,
校园，抓住,校园+，/w+抓住,3,校园/n+抓住,
保驾护航,保驾/vn+护航/vn,3,保驾护航,1
保驾/vn+护航/vn,保驾/vn+护航/vn,103,伴奏/vn+保障/vn,
n之后接污/ng,n 污/ng,3,n+污/ng,1
二○一五年之后接十二月,二○一五年/t+十二月,3,二○一五年/nr+十二月,
立刻之后接就，就之后接v,立刻/d 就 v,3,立刻/d+就+v,
之后接深了,./v深了,3,.深了,
管理局这个名词之后紧跟供图这个动词,管理局/n+供图/v,3,管理局/ns+供图,
该之后紧跟终这个动词，然后是矣这个字,该 终/v 矣,3,该+终/v+矣,
一个动词之后紧跟难了这个字,./v难了,3,./v+难了,
女作为性别标记，之后紧跟n这个量词,女/b+n,3,女+n,
包含非作为单个词的句子,非../n,3,(w) 不{len($1)<2},
包含为和中共作为相邻词的句子,为/v 中共/j,3,为/v+中共/j,
包含在、工作和中作为相邻词，之后紧接着句尾点号的句子,在/p 工作 中 。/w,3,在/p+工作+中+。/w,
让中国后接律师的句子,让 中国/ns 律师,3,让+中国/ns+律师,
推后接../n+的句子,推/v+../n+,3,推后+../n+,
及后接人才，句尾为句点的句子,及 人才/n 。,3,及+人才/n+。,
n后接热气的句子,n 热气/n,3,n+热气/n,
包含老朋友、心心相连/i、句尾有句点的句子,老朋友 心心相连/i 。,3,老朋友+心心相连/i+。,
包含公众、参与度/n、句尾有句点的句子,公众 参与度/n 。,3,公众+参与度/n+。,
包含以'的'开头，然后是'笼子'这个名词的短语,的+笼子/n,3,的+笼子/n+。,
包含'a'、'兴趣'的短语,a 兴趣/n,3,a+兴趣/n,
包含'苦'的短语,苦/a+,3,苦/a,
北京之后紧跟盛玉雷。,北京/ns+盛玉雷/nr,3,北京/ns+盛玉雷/n,
甘肃之后紧跟农业，然后是机械化。,甘肃+农业/n+机械化,3,甘肃/ns 农业 机械化/v,
一个名词后紧跟 女,../n女,3,./n+女,
综合 设置/vn 机构,综合 设置/vn 机构,103,综合+设置/vn+机构,1
a 后面紧跟 恩情/n,a 恩情/n,3,a+恩情/n,1
其他后紧跟法律名词，之后是服务,其他+法律/n+服务,3,及其他+法律/n+服务,
检讨动词,检讨/v,3,检讨v[， 。],
一个空格后跟党,．/v党,3,../n党,
n名词后紧跟诚意名词,n+诚意/n,3,n 诚意/n,1
三字动词后紧跟回忆名词,../v 回忆,3,../v+回忆,
也副词后紧跟格外形容词、理解动词、和连词,也/d 格外 理解 和/c,3,也/d+格外+理解+和/c,
动词'长'跟在'在'后面，之后接'ns+f'这样的名词组合,长/v+在+ns+f,3,长在+ns+f,
形容词'a'后接'的'，之后是'深情'这个名词,a+的+深情/n,3,a 的 深情/n,1
句点后接动词，之后是'./a'，再接'到',./v./a 到,3,./v./a+到,
摄后接人民和视觉,摄 人民/n 视觉,3,摄+人民/n+视觉,
单音节动词后接下,./v 下,3,./v下,1
孙后接洪水,孙/nr 洪水,3,孙 洪水/n,
这是/r + 习近平,这是/r 习近平,3,这是/r+习近平,1
感情/n * 好感/n,v*好感/n,3,感情/n * 好感/n,1
的 ？/w,的+？/w,3,的 ？/w,1
包含动词抓好，紧跟着党建这个名词，最后是作为这个动词,抓好+党建/j+作为,3,抓好/v 党建 作为/v,
包含寒这个名词，后面紧跟句点,寒./n,3,寒+。/w,
包含二字名词和二字动词，每个词之间由空格分隔,../n ../v,3,既/c 又/v,
包含动词守住，后面紧跟公平这个名词，中间由空格分隔,守住/v 公平,3,守住 公平/n,
制约后接伊核和谈判,制约 伊核/ns 谈判,3,制约+伊核/ns+谈判,
如何作为副词后接用,如何/r+用,3,如何d用,
轮后接上涨、的,轮/q+上涨+的/u,3,轮 上涨/v 的,
吃单音节动词,吃/v@,3,(v) 之 {len($1) <= 1},
各项后面跟形容词，然后是新政、落地、速度、快、见效、快、力度,各项/r 新政 落地 速度 快 见效 快 力度/n,3,各项/r+新政+落地+速度+快+见效+快+力度/n,
资格后面跟形容词的，然后是句号,资格 的/u 。,3,资格+的/u+。,
中后面跟国家名澳，然后是自贸,中 澳/j 自贸,3,中+澳/j+自贸,
出现或看见的动作,见./v,3,见m,
黑色星期五的特定事件或现象,黑色+星期五/t,3,黑色星期五,
制造业现代化和进步,先进 制造业/n 发展,3,制造业/n 现代化 进步,
重复或类比的陈述,， 同样/d 如此,3,一样V,
坚定地/u后紧跟说道,坚定+地/u+说道,3,坚定地/u+说道,1
a之后接的，然后接好意/n,a 的 好意/n,3,a+的+好意/n,1
抗战之后直接接家书/n，然后接《,抗战 家书/n 《,3,抗战+家书/n+《,1
从/p之后直接接种植户/n,从/p 种植户/n,3,从/p 接种植户/n,1
副词太之后加名词,太/d+n,3,太n,
动词改变,改变/v,3,v改变,
形容词a之后加好意,a*好意/n,3,a好意,1
醒睡之后加两和非,醒睡+两/m+非,3,醒.睡两非,
动词‘长’后接‘在’，之后是一个空格，再接‘n’和‘f’,长/v+在+n+f,3,长在 n f,
名词‘什么’后接符号‘：’，之后是‘尼泊尔餐’,什么 ：/w 尼泊尔餐,3,什么+：/w+尼泊尔餐,
名词‘立垦’后接‘之’，之后是‘本’,立垦 之/u 本,3,立垦+之/u+本,
名词‘n’后接形容词‘的’，之后是名词‘风情’,n+的+风情/n,3,n 的 风情/n,
化石和猴/n作为并列的词语，最后以句号结尾,化石 猴/n 。,3,化石+猴/n+。,
既来之则安之/c作为前置修饰词，最后接，,既来之则安之/c ，,3,既来之则安之/c+，,
本期/r作为前置修饰词，后接统筹+：+许诺/v,本期/r+统筹+：+许诺/v,3,本期/r+统筹：+许诺/v,1
以+帕萨特/nr后面直接跟符号、,以+帕萨特/nr+、,3,以+帕萨特/nr 、,1
人后面直接跟句点,人 。/w,3,人.，,
苦笑/v后面接着，再接说，后面直接跟句点,苦笑/v 着 说 。/w,3,苦笑/v+着+说+。/w,1
税务后面接审批/vn，再接将,税务 审批/vn 将,3,税务+审批/vn+将,1
数字一后接是,一/m 是,3,一/m+是,1
推动后接饮用水,推动/v+饮用水,3,推动+饮用水/n,
行动后接句尾符号,行动+。/w,3,行动/n 。/w,
对后接*和动词,对/p * v,3,对/p+*+v,
标题在前，书法在后的句子,标题/n 书法/n,3,书法 /n 标题,
动词辛苦的句子,辛苦/v,3,辛苦v,
形容词辛苦的句子,辛苦/a,3,a辛苦,
单音节名词轻的句子,轻../n,3,./n轻,1
包含逗号和'所以'这样的短语，'所以'是连接词,，/w+所以/c,3,，+所以/c,1
包含形容词'扎实'修饰动词'开展',是+扎实/ad+开展,3,扎实开展,
包含'通过服务管理铸品牌'这样的短语，句尾是句号,通过/p+服务+管理+铸+品牌+。/w,3,./v+。+,
开创空间，空间作为一个名词,开创 空间 /n,3,开创 空间/n,1
动词后接爱心，爱心作为一个名词,v+爱心 /n,3,v+爱心/n,1
为要被，描述性结构,为 +要 /v+被,3,为要被，,
培养具有，描述性结构,培养 /v 具有,3,培养 /v+具有,
活后面跟薪酬这个名词,活+薪酬/n,3,活 /v+ 薪酬 /n,
的、法律、意识各自独立的词语,的 法律/n 意识,3,的+法律/n+意识,
单音节动词、句尾标点、形容词各自独立的词语,./v ./a了,3,./v不 a 的,
监督后面接副词不，再接动词留,监督+不/d+留,3,监督 不/d 留,
大后面接二字名词，再接单音节字,大 ../n的w,3,大+../n+,
女士后面接形容词无奈,女士/n 无奈/a,3,女士/n+无奈/a,
罗后面接名词先生，再接动词感触,罗 先生/n 感触,3,罗+先生/n+感触,
包含以名词开头，然后跟着'的'，再跟着动词，最后是动词的句子,n的+./v+d,3,n+的+vw,
包含句首为句点，然后紧跟动词的句子,.做/v,3,./v,
说 动词后接 要，我们，再，等等，看 动词,说/v+要+我们+再+等等+看/v,3,说/v 要 我们 再 等 看/v,
a 作为词性后接 好感 类型的名词,a*好感/n,3,a+好感/n,1
改革 后接 攻坚 类型的动词，再接 不停,改革 攻坚/v 不停,3,改革+攻坚/v+不停,1
不断 类型的副词后接 迈 类型的动词,不断/d+迈,3,不断/d 迈/v,1
贡献后接是动词，是动词后接亮点,贡献 是/v 亮点,3,贡献+是/v+亮点,1
动词后接交情名词,v 交情/n,3,v+交情/n,1
逗号后接恼恨动词,，/w+恼恨/v,3,， 恼恨 /v,1
调查后接句尾符号。,调查/v 。/w,3,调查/v+。/w,
名词 + 之间,运营商/n 之间,3,成功与,
动词,存在/v,3,出,
... + 动词 + 人,../v人,3,...+...人,
... + 名词 + 内向,../n内向,3,...+内向/n,
雪中送炭后紧接之,雪中送炭 /i 之,3,雪中送炭 /i + 之,
因素后紧接问号,因素 ？ /w,3,因素+？/w,1
以./v开头的单音节动词，后紧接轻了,./v 轻了,3,./v轻了,1
像是后面接讽刺，并以句号结尾,像是+讽刺/v+。,3,像是/c+讽刺+。/w,
总统后面接纳波利塔诺，并再接辞职,总统+纳波利塔诺/nr+辞职,3,总统+接纳/v+波利塔诺+辞职/vn,
男作为一个词单独出现，后面接名词,男/b+n,3,男n,1
将后接使、国企、更、好、地、融入,将 /d 使 国企 更 好 地 融入 /v,3,将 /d+ 使 + 国企 + 更 + 好 + 地 + 融入 /v,
仝江后接摄,仝江 /nr + 摄,3,仝江摄,1
吗后接问号,吗 /y + ？ /w,3,吗？,1
表示价格或费用变贵了,./v贵了,3,贵了,
表示某种风情或情调的词汇,风情/n*v,3,情调,
关于处理存在的问题或事物,处置/v 存在,3,处理/v 问题,
表示实际上与巴黎有关的内容,实际上+，/w+巴黎,3,实际上 巴黎/n,
表示一种抽象的情感，前面有形容词,a+的+感情/n,3,a的心情,
表示国际上的统筹管理,国际/n+统筹/vn,3,统筹/vn,
表示文质彬彬的人或形象,文质彬彬/nr ，,3,文气彬彬,
多么是副词，后接文雅，文雅是nr,多么/d 文雅,3,多么/d+文雅,
路后接都，都后接没，没后接走，走后接多少，路是n，都、没、走、多少都是l,路/n+都+没+走+多少/l,3,路/n+都+没+走+多少+,
v是动词，后接真心，真心是nr,v*真心/n,3,v 真心/nr,1
v是v，后接./，./后接a了，a了是连词,v ./a了,3,v+./a了,
排污权后接有偿/d，有偿/d后接使用,排污权+有偿/d+使用,3,排污权 有偿/d 使用,1
包含'发展'后跟句尾符号'。'的句子,发展 。/w,3,发展+。/w,1
包含'吴'后接人名'潇崇'的句子,吴/nr+潇崇,3,吴+潇崇/nr,1
包含'独立'后跟名词'学院'和'已经'的句子,独立 学院/n 已经,3,独立+学院/n+已经,1
包含名词后跟动词'评估'和形容词'是'的句子,后+评估/v+是,3,n 评估 a,
为此的句子，包含逗号,为此/d+， 为此/d ，,3,为此/r ，,
从来没的句子,从来/d 没,3,从来没./v,
准症结是的句子,准+症结/n+是,3,准症结/n 是,
延庆和徐小飞组合，明确区分名词和人名,延庆 徐/nr 小飞,3,延庆/n+徐小飞/nr,1
真后接希望，再接蓝,真+希望/v+蓝,3,真 希望/v 蓝,
排污权后接交易，明确区分词语和动名词,排污权 交易/vn,3,排污权 /n 交易,
什么后接是，明确区分词语和标点,什么/r 是,3,什么+是/v,
"单音节动词后接""来""",./v来,3,来./v,
"社会后接动词""参与""，句尾为句号",社会 参与/v 。,3,社会+参与/v+。,1
多个标点符号组成的序列,........./l,3,w[，+。]w,
"a后接名词""诚意""",a 诚意/n,3,a+诚意/n,1
办法作为名词，后面跟着动词‘打’，再接形容词‘好’，然后是名词‘脱贫’，最后是名词‘攻坚战’,办法/n+打+好+脱贫+攻坚战/n,3,办法打好/v 脱贫 攻坚战/n,
同时作为连词，后面跟着符号‘，’,同时/c+，,3,同时+，/w,
空格后的动词‘v’后面跟着‘算了’,../v+算了,3,空格+v+算了,1
包含单音节动词后接名词的句子,./v了n,3,./v n,1
包含 首先 后接 是 动词 再接 农业 名词 的句子,首先 是/v 农业,3,首先+是/v+农业,
包含 智库 名词 发展 动词 完善 的句子,智库/n 发展 完善/v,3,智库/n+发展+完善/v,
是单音节动词后接名词，整体表示一个动作或状态，具体意义由上下文决定,./V下w,3,是/v+n,
百日是名词，表示时间单位，行动是动词，扫黄是名词，整体表示百日进行的某项行动，目标是扫黄,百日/n+行动+扫黄/j,3,百日+行动/v+扫黄,
包含千这个数词之后紧跟遍的句子,千/m+遍/q,3,千遍,
包含一无是处这个成语之后紧跟句末符号的句子,一无是处+。/w,3,一无是处 。/w,
包含以..开头的单音节词之后紧跟性这个名词的句子,..性/n,3,.性/n,
包含'北京。'的句子,北京 。/w,3,北京+。/w,1
包含'俗称翻砂'的句子,，+俗称/v+翻砂,3,俗称翻砂,1
包含'难求，'的句子,难 求/v ，,3,难求，,1
包含'n的诚意'的句子,n+的+诚意/n,3,n的诚意,1
机会后接句尾。,机会+。/w,3,机会/n+。/w,
就是、一组成的词语,就是/d+一/m,3,就是一,1
a、善意组成的句子,a 善意/n,3,a+善意/n,
提出、八、条、成都、主张、：组成的句子,提出/v+八+条+成都+主张+：,3,提出+八/m+条+成都+主张+：,
n、来组成的句子,n 来/v ,3,n+来/v+,
共同后面是两个字的动词,共同 ../V,3,共同~,
单音节动词后面是多了,./v 多了,3,./v多了,1
地里后面是没有，人作为名词，整个句子以标点符号结束,地里 /s 没 人 。 /w,3,地里 /s+ 没 + 人 + 。 /w,
就地进行动词操作,就地+../v,3,就地v o[， 。],
目前情况,目前/t+，,3,目前情况,1
第六十二条,第六十二/m 条/q,3,第六十二条,1
整改并落实,整改+落实/v,3,整改并落实,1
金融后接服务,金融+服务/vn,3,金融+服务/n,
单个词i,..../i,3,~i,1
法治后接思维,法治 思维/n,3,法治+思维/n,
步后接走,步 走/v,3,步+走/v,
结构后接句尾符号。,结构 。/w,3,结构+。/w,1
冒号与雕刻之间有空格，雕刻与火药之间有空格,： 雕刻/v 火药,3,: 雕刻/n 火药,
冒号 和 处罚/vn 组成的句子,：/w+处罚/vn,3,：+处罚/vn,1
是/v、我家、的 和 句点 组成的句子,是/v 我家 的 。/w,3,是/v+我家+的+。/w,1
名词 好心/n 后接 动词 v 的句子,好心/n v,3,好心/n+v,1
土豆后接逗号，再接巴西,土豆 ，/w 巴西,3,土豆+，/w+巴西,1
动词依靠后接助词的，再接名词福利院,依靠+的/u+福利院,3,依靠+的+福利院/n,
动词上后接的单个+n词,上/v ../n,3,上/v+../n+,
动词后接劲头,v 劲头/n,3,v*劲头/n,
忠诚后接是，然后是中办人、的、宝贵、品质，句末有句号,忠诚/a+是+中办人+的+宝贵+品质+。/w,3,忠诚/n+是+中办人+的+宝贵+品质+。/w,1
给这个动作后接儿子，然后是做,给/p+儿子+做/v,3,给+儿子/n+做,
表示好感的名词,n+好感/n,3,n好感/n,
关于推进廉政的句子，以逗号开头,，+推进/v+廉政,3,， 推进/v 廉政,
描述利润增加与去年同期对比的句子,利润 同比/j 增,3,今年与去年利润,
询问是否会流泪的句子,，/w 你 会 掉泪 吗 ？/w,3,会不会流泪,
动词后接名词，表示表达恩情的动作,v*恩情/n,3,v 恩情/n,
使用电力对难民提供服务,用电+对/p+难民,3,使用 电力/n 难民 提供,
万全与孟加拉国进行会面,万全+会见/v+孟加拉国,3,万全+与/p+孟加拉国+会面/v,
动词后面紧跟着悬念作为名词,v 悬念/n,3,v+悬念/n,1
不是作为词，句尾以句点结束,不是 。/w,3,不是+。/w,1
发展作为动词，后面紧跟着永恒的作为形容词，再紧跟主题作为名词,发展/v+永恒+的+主题/n,3,发展/v+永恒+主题/n,
性作为名词，句尾以句点结束,.性/n,3,性+。/w,
包含'的'后接'中国/ns'，紧接着'精度',的 中国/ns 精度,3,的+中国/ns+精度,1
包含由'u'标识的词语后紧接'挂村'，然后紧随动词'整治/v',的/u 挂村 整治/v,3,挂村+整治/v,
包含'好感/n'后紧接动词'v',好感/n v,3,好感/n+v,1
携手后接补动词，补动词后接短板,携手 补/v 短板,3,携手+补/v+短板,1
警力后接增长动词，增长动词后接超,警力 增长/v 超,3,警力+增长/v+超,1
杨名词后接俊，然后依次接自信、满满，最后接句尾点,杨/nr+俊+自信+满满+。/w,3,杨 俊/a 自信 满满 。/w,
嚼的动词,嚼/v,3,嚼v,
有益的动词，之后紧跟一个句点,有益+。/w,3,有益v[， 。],
一个动词，之后紧跟懂的动词,./v懂,3,一v懂一v,
离境动词后接退税,离境/v+退税,3,离境/v+退税/v,
一系列名词接把，然后名词加动词，最后接给，再一系列名词,[n+nr]+把+n+v+给+[n+nr],4,[n+r]+把+[n+r]+给+[n+r]+,
越后面接逗号或句点,越+a[，+。],4,越[，+。],1
一举后面接逗号或句点,一举v+a[，+。],4,一举v[， 。],
遵照后接名词，句尾逗号或句点,遵照n [， 。],4,遵照n[，+。],1
以动词、形容词、名词、形容词、名词或形容词开头的句子后接'什么',w[v a n r p s]什么,4,[v+a+n+r][，+。]什么,
西门后接猪、驴、马、牛,西门[猪 驴 马 牛],4,西门[猪+驴+马+牛],1
主要、专程、专门这三个词后接动词、形容词、名词，逗号或句点作为句尾,[主要 专程 专门][v a n r][， 。],4,[主要 专程 专门]v[v a n ][， 。],
名词、动词、名词序列后接名词、动词、名词序列,[a v n]背[a v n]腰,4,[n+v+n]([n+v+n],
权威后面接名词，然后接逗号或句号,权威n[， 。],4,权威n[，+。],1
极度后面接副词，然后接逗号或句号,极度 a[， 。],4,极度+a[，+。],
动词过、名动词、量词和名词，然后必须有逗号或句号,v过m q n[， 。],4,v过m+q+n[，+。],
退、喘、树立、长成、玩儿、发明、比后接单音节字,[退 喘 树立 长成 玩儿 发明 比]个,4,[退+喘+树立+长成+玩儿+发明+比]个,
帮后接动词，然后必须有逗号或句号,帮r v [， 。],4,帮v y[， 。],
富贫两个词中间跟一个由逗号、句号、顿号、连接号、分号、v、n、m、p组成的序列,w富.贫[q+r+d+c+v+a++n+m++p]w,4,w富.贫[q r d c v a  n m  p]w,
这一后面跟一个名词，这个名词后面可以是逗号或句号,这一n[，+。],4,这一d+n[，+。],
索性后面跟一个由逗号或句号组成的序列,索性a[，+。],4,索性v[，+。],
动词 预先 后接 [u] 类型的组合，然后接 [，、。],预先v+u[，+。],4,预先v u[， 。],
副词 毫不 后接 [a] 类型的组合，然后接 [，、。],毫不d+a[，+。],4,毫不d a[， 。],
戴在前接特定名词序列，后接后缀,戴在[nt+ns+s+f+r]+,4,戴在[n+r+nr],
动词v以'竟然'开始，紧接着是名词n，然后可能是逗号或句号,竟然v+n[，+。],4,竟然v n[， 。],
形容词n以'那'开始，紧接着是名词n，然后可能是逗号或句号,那+n[，+。],4,那n+n[，+。],
动词v以'得以'开始，紧接着是动词v，后面可能是逗号或句号,得以[v+a+n+r][，+。],4,得以v+v[，+。],
名词极端后跟逗号或句号,极端n[，+。],4,极端n[， 。],
疑问词w后接一系列词，包括形容词、副词、动词、名词、动词、形容词，后跟逗号或句号，疑问词w位于句尾,w是.否[q+r+d+c+v+a++n+m++p]w,4,w[q+r+d+c+v+a++n+m++p]w,
以a开头的词语后接作品，句尾前或后接逗号或句号,a之作[，+。],4,a作品[，+。],1
当面由动词、副词组成的句子，句尾前或后接逗号或句号,当面v+u[，+。],4,当面v u[， 。],
起码由动词、形容词组成的句子，句尾前或后接逗号或句号,起码v+a[，+。],4,起码v+y[，+。],
起码、名词、标点符号（逗号或句号）,起码v+n[，+。],4,起码n[，+。],
特此、语气词、标点符号（逗号或句号）,特此v+y[，+。],4,特此v+a[，+。],
一系列动作的组合，最终结果为一个名词,[检查+付+午睡+托+断+抬+辟+叼]个,4,[叫+买+穿+卖+盗+学]个,
由从不、从此、从来组成的序列后接动词，然后接逗号或句点,[从不+从此+从来]v[v+a+n+][，+。],4,[从不 从此 从来]v[q m ]v[， 。],
由q、r、d、c、v、a、n、m、p组成的序列后接稀和稠，中间有一个句点,w[q+r+d+c+v+a++n+m++p]稀.稠w,4,w[q r d c v a  n m  p]稀.稠w,
由不可、不愧、不料组成的序列后接动词，然后接逗号或句点,[不可+不愧+不料][v+a+n+r][，+。],4,[不可 不愧 不料]v[q m ]v[， 。],
形容词极后面接副词，两者之间接逗号或句号,极+a[，+。],4,极a+v[，+。],
副词书面后面接动词，两者之间接逗号或句号,书面d+v[，+。],4,书面d v[，+。],
牢记在后接名词，名词后可接“的”、“了”或“过”,牢记在+n[+f+s],4,牢记在+n[的+了+过],1
即将动词后接形容词、名词和“的”，之后可接逗号或句号,即将v[v+a+n+r][，+。],4,即将v[v a n r][， 。],
亲笔动词后可接逗号或句号,亲笔v[，+。],4,亲笔v[， 。],
动词后接网络游戏、网游、手游、手机游戏,v[网络游戏+网游+手游+手机游戏],4,v[网络 游戏 网游 手游 手机游戏],
聚在后接nt、ns、s、f、r组成的词组，再接两个加号,聚在[nt+ns+s+f+r]++,4,聚在[nt+ns+s+f+r]+*++,
真后接叫、教、让、使、令、招、讨、遭组成的词组，再接人,真[叫+教+让+使+令+招+讨+遭]人,4,真+(v)+人{end($1)=[叫+教+让+使+令+招+讨+遭]},
逗号、句号组成的序列，后面接两个名词，每个名词后面可接一个或两个由逗号、句号组成的序列,[，+。]p+n+n[，+。],4,[， 。]d d [， 。]d d [， 。]d d [， 。]d d [， 。]d d [， 。]d d [， 。]d d [， 。]d d [， 。]d d [， 。]d d [， 。]d d [， 。]d d [， 。]d d [， 。]d d [， 。]d d [， 。]d d [， 。]d d [， 。]d d [， 。]d d [， 。]d d [， 。]d d [， 。]d d [， 。]d d [， 。]d d [， 。]d d [， 。]d d [， 。]d d [， 。]d d [， 。]d d [， 。]d d [， 。]d d [， 。]d d [， 。]d d [， 。]d d [， 。]d d [， 。]d d [， 。]d d [， 。]d d [， 。]d d [， 。]d d [， 。]d d [， 。]d d [， 。]d d [， 。]d d [， 。]d d [， 。]d d [， 。]d d [， 。]d d [， 。]d d [， 。]d d [， 。]d d [， 。]d d [， 。]d d [， 。]d d [， 。]d d [， 。]d d [， 。]d d [， 。]d d [， 。]d d [， 。]d d [， 。]d d [， 。]d d [， 。]d d [， 。]d d [， 。]d d [， 。]d d [， 。]d d [， 。]d d [， 。]d d [， 。]d d [， 。]d d [， 。]d d [， 。]d d [， 。]d d [， 。]d d [， 。]d d [， 。]d d [， 。]d d [， 。]d d [， 。]d d [， 。]d d [， 。]d d [， 。]d d [， 。]d d [， 。]d d [， 。]d d [， 。]d d [， 。]d d [， 。]d d [， 。]d d [， 。]d d [， 。]d d [， 。]d d [， 。]d d [， 。]d d [， 。]d d [， 。]d d [， 。]d d [， 。]d d [， 。]d d [， 。]d d [， 。]d d [， 。]d d [， 。]d d [， 。]d d [， 。]d d [， 。]d d [， 。]d d [， 。]d d [， 。]d d [， 。]d d [， 。]d d [， 。]d d [， 。]d d [， 。]d d [， 。]d d [， 。]d d [， 。]d d [， 。]d d [， 。]d d [， 。]d d [， 。]d d [， 。]d d [， 。]d d [， 。]d d [， 。]d d [， 。]d d [， 。]d d [， 。]d d [， 。]d d [， 。]d d [， 。]d d [， 。]d d [， 。]d d [， 。]d d [， 。]d d [， 。]d d [， 。]d d [， 。]d d [， 。]d d [， 。]d d [， 。]d d [， 。]d d [， 。]d d [， 。]d d [， 。]d d [， 。]d d [， 。]d d [， 。]d d [， 。]d d [， 。]d d [， 。]d d [， 。]d d [， 。]d d [， 。]d d [， 。]d d [， 。]d d [， 。]d d [， 。]d d [， 。]d d [， 。]d d [， 。]d d [， 。]d d [， 。]d d [， 。]d d [， 。]d d [， 。]d d [， 。]d d [， 。]d d [， 。]d d [， 。]d d [， 。]d d [， 。]d d [， 。]d d [， 。]d d [， 。]d d [， 。]d d [， 。]d d [， 。]d d [， 。]d d [， 。]d d [， 。]d d [， 。]d d [， 。]d d [， 。]d d [， 。]d d [， 。]d d [， 。]d d [， 。]d d [， 。]d d [， 。]d d [， 。]d d [， 。]d d [， 。]d d [， 。]d d [， 。]d d [， 。]d d [， 。]d d [， 。]d d [， 。]d d [， 。]d d [， 。]d d [， 。]d d [， 。]d d [， 。]d d [， 。]d d [， 。]d d [， 。]d d [， 。]d d [， 。]d d [， 。]d d [， 。]d d [， 。]d d [， 。]d d [， 。]d d [， 。]d d [， 。]d d [， 。]d d [， 。]d d [， 。]d d [， 。]d d [， 。]d d [， 。]d d [， 。]d d [， 。]d d [， 。]d d [， 。]d d [， 。]d d [， 。]d d [， 。]d d [， 。]d d [， 。]d d [， 。]d d [， 。]d d [， 。]d d [， 。]d d [， 。]d d [， 。]d d [， 。]d d [， 。]d d [， 。]d d [， 。]d d [， 。]d d [， 。]d d [， 。]d d [， 。]d d [， 。]d d [， 。]d d [， 。]d d [， 。]d d [， 。]d d [， 。]d d [， 。]d d [， 。]d d [， 。]d d [， 。]d d [， 。]d d [， 。]d d [， 。]d d [， 。]d d [， 。]d d [， 。]d d [， 。]d d [， 。]d d [， 。]d d [， 。]d d [， 。]d d [， 。]d d [， 。]d d [， 。]d d [， 。]d d [， 。]d d [， 。]d d [， 。]d d [， 。]d d [， 。]d d [， 。]d d [， 。]d d [， 。]d d [， 。]d d [， 。]d d [， 。]d d [， 。]d d [， 。]d d [， 。]d d [， 。]d d [， 。]d d [， 。]d d [， 。]d d [， 。]d d [， 。]d d [， 。]d d [， 。]d d [， 。]d d [， 。]d d [， 。]d d [， 。]d d [， 。]d d [， 。]d d [， 。]d d [， 。]d d [， 。]d d [， 。]d d [， 。]d d [， 。]d d [， 。]d d [， 。]d d [， 。]d d [， 。]d d [， 。]d d [， 。]d d [， 。]d d [， 。]d d [， 。]d d [， 。]d d [， 。]d d [， 。]d d [， 。]d d [， 。]d d [， 。]d d [， 。]d d [， 。]d d [， 。]d d [， 。]d d [， 。]d d [， 。]d d [， 。]d d [， 。]d d [， 。]d d [， 。]d d [， 。]d d [， 。]d d [， 。]d d [， 。]d d [， 。]d d [， 。]d d [， 。]d d [， 。]d d [， 。]d d [， 。]d d [， 。]d d [， 。]d d [， 。]d d [， 。]d d [， 。]d d [， 。]d d [， 。]d d [， 。]d d [， 。]d d [， 。]d d [， 。]d d [， 。]d d [， 。]d d [， 。]d d [， 。]d d [， 。]d d [， 。]d d [， 。]d d [， 。]d d [， 。]d d [， 。]d d [， 。]d d [， 。]d d [， 。]d d [， 。]d d [， 。]d d [， 。]d d [， 。]d d [， 。]d d [， 。]d d [， 。]d d [， 。]d d [， 。]d d [， 。]d d [， 。]d d [， 。]d d [， 。]d d [， 。]d d [， 。]d d [， 。]d d [， 。]d d [， 。]d d [， 。]d d [， 。]d d [， 。]d d [， 。]d d [， 。]d d [， 。]d d [， 。]d d [， 。]d d [， 。]d d [， 。]d d [， 。]d d [， 。]d d [， 。]d d [， 。]d d [， 。]d d [， 。]d d [， 。]d d [， 。]d d [， 。]d d [， 。]d d [， 。]d d [， 。]d d [， 。]d d [， 。]d d [， 。]d d [， 。]d d [， 。]d d [， 。]d d [， 。]d d [， 。]d d [， 。]d d [， 。]d d [， 。]d d [， 。]d d [， 。]d d [， 。]d d [， 。]d d [， 。]d d [， 。]d d [， 。]d d [， 。]d d [， 。]d d [， 。]d d [， 。]d d [， 。]d d [， 。]d d [， 。]d d [， 。]d d [， 。]d d [， 。]d d [， 。]d d [， 。]d d [， 。]d d [， 。]d d [， 。]d d [， 。]d d [， 。]d d [， 。]d d [， 。]d d [， 。]d d [， 。]d d [， 。]d d [， 。]d d [， 。]d d [， 。]d d [， 。]d d [， 。]d d [， 。]d d [， 。]d d [， 。]d d [， 。]d d [， 。]d d [， 。]d d [， 。]d d [， 。]d d [， 。]d d [， 。]d d [， 。]d d [， 。]d d [， 。]d d [， 。]d d [， 。]d d [， 。]d d [， 。]d d [， 。]d d [， 。]d d [， 。]d d [， 。]d d [， 。]d d [， 。]d d [， 。]d d [， 。]d d [， 。]d d [， 。]d d [， 。]d d [， 。]d d [， 。]d d [， 。]d d [， 。]d d [， 。]d d [， 。]d d [， 。]d d [， 。]d d [， 。]d d [， 。]d d [， 。]d d [， 。]d d [， 。]d d [， 。]d d [， 。]d d [， 。]d d [， 。]d d [， 。]d d [， 。]d d [， 。]d d [， 。]d d [， 。]d d [， 。]d d [， 。]d d [， 。]d d [， 。]d d [， 。]d d [， 。]d d [， 。]d d [， 。]d d [， 。]d d [， 。]d d [， 。]d d [， 。]d d [， 。]d d [， 。]d d [， 。]d d [， 。]d d [， 。]d d [， 。]d d [， 。]d d [， 。]d d [， 。]d d [， 。]d d [， 。]d d [， 。]d d [， 。]d d [， 。]d d [， 。]d d [， 。]d d [， 。]d d [， 。]d d [， 。]d d [， 。]d d [， 。]d d [， 。]d d [， 。]d d [， 。]d d [， 。]d d [， 。]d d [， 。]d d [， 。]d d [， 。]d d [， 。]d d [， 。]d d [， 。]d d [， 。]d d [， 。]d d [， 。]d d [， 。]d d [， 。]d d [， 。]d d [， 。]d d [， 。]d d [， 。]d d [， 。]d d [， 。]d d [， 。]d d [， 。]d d [， 。]d d [， 。]d d [， 。]d d [， 。]d d [， 。]d d [， 。]d d [， 。]d d [， 。]d d [， 。]d d [， 。]d d [， 。]d d [， 。]d d [， 。]d d [， 。]d d [， 。]d d [， 。]d d [， 。]d d [， 。]d d [， 。]d d [， 。]d d [， 。]d d [， 。]d d [， 。]d d [， 。]d d [， 。]d d [， 。]d d [， 。]d d [， 。]d d [， 。]d d [， 。]d d [， 。]d d [， 。]d d [， 。]d d [， 。]d d [， 。]d d [， 。]d d [， 。]d d [， 。]d d [， 。]d d [， 。]d d [， 。]d d [， 。]d d [， 。]d d [， 。]d d [， 。]d d [， 。]d d [， 。]d d [， 。]d d [， 。]d d [， 。]d d [， 。]d d [， 。]d d [， 。]d d [， 。]d d [， 。]d d [， 。]d d [， 。]d d [， 。]d d [， 。]d d [， 。]d d [， 。]d d [， 。]d d [， 。]d d [， 。]d d [， 。]d d [， 。]d d [， 。]d d [， 。]d d [， 。]d d [， 。]d d [， 。]d d [， 。]d d [， 。]d d [， 。]d d [， 。]d d [， 。]d d [， 。]d d [， 。]d d [， 。]d d [， 。]d d [， 。]d d [， 。]d d [， 。]d d [， 。]d d [， 。]d d [， 。]d d [， 。]d d [， 。]d d [， 。]d d [， 。]d d [， 。]d d [， 。]d d [， 。]d d [， 。]d d [， 。]d d [， 。]d d [， 。]d d [， 。]d d [， 。]d d [， 。]d d [， 。]d d [， 。]d d [， 。]d d [， 。]d d [， 。]d d [， 。]d d [， 。]d d [， 。]d d [， 。]d d [， 。]d d [， 。]d d [， 。]d d [， 。]d d [， 。]d d [， 。]d d [， 。]d d [， 。]d d [， 。]d d [， 。]d d [， 。]d d [， 。]d d [， 。]d d [， 。]d d [， 。]d d [， 。]d d [， 。]d d [， 。]d d [， 。]d d [， 。]d d [， 。]d d [， 。]d d [， 。]d d [， 。]d d [， 。]d d [， 。]d d [， 。]d d [， 。]d d [， 。]d d [， 。]d d [， 。]d d [， 。]d d [， 。]d d [， 。]d d [， 。]d d [， 。]d d [， 。]d d [， 。]d d [， 。]d d [， 。]d d [， 。]d d [， 。]d d [， 。]d d [， 。]d d [， 。]d d [， 。]d d [， 。]d d [， 。]d d [， 。]d d [， 。]d d [， 。]d d [， 。]d d [， 。]d d [， 。]d d [， 。]d d [， 。]d d [， 。]d d [， 。]d d [， 。]d d [， 。]d d [， 。]d d [， 。]d d [， 。]d d [， 。]d d [， 。]d d [， 。]d d [， 。]d d [， 。]d d [， 。]d d [， 。]d d [， 。]d d [， 。]d d [， 。]d d [， 。]d d [， 。]d d [， 。]d d [， 。]d d [， 。]d d [， 。]d d [， 。]d d [， 。]d d [， 。]d d [， 。]d d [， 。]d d [， 。]d d [， 。]d d [， 。]d d [， 。]d d [， 。]d d [， 。]d d [， 。]d d [， 。]d d [， 。]d d [， 。]d d [， 。]d d [， 。]d d [， 。]d d [， 。]d d [， 。]d d [， 。]d d [， 。]d d [， 。]d d [， 。]d d [， 。]d d [， 。]d d [， 。]d d [， 。]d d [， 。]d d [， 。]d d [， 。]d d [， 。]d d [， 。]d d [， 。]d d [， 。]d d [， 。]d d [， 。]d d [， 。]d d [， 。]d d [， 。]d d [， 。]d d [， 。]d d [， 。]d d [， 。]d d [， 。]d d [， 。]d d [， 。]d d [， 。]d d [， 。]d d [， 。]d d [， 。]d d [， 。]d d [， 。]d d [， 。]d d [， 。]d d [， 。]d d [， 。]d d [， 。]d d [， 。]d d [， 。]d d [， 。]d d [， 。]d d [， 。]d d [， 。]d d [， 。]d d [， 。]d d [， 。]d d [， 。]d d [， 。]d d [， 。]d d [， 。]d d [， 。]d d [， 。]d d [， 。]d d [， 。]d d [， 。]d d [， 。]d d [， 。]d d [， 。]d d [， 。]d d [， 。]d d [， 。]d d [， 。]d d [， 。]d d [， 。]d d [， 。]d d [， 。]d d [， 。]d d [， 。]d d [， 。]d d [， 。]d d [， 。]d d [， 。]d d [， 。]d d [， 。]d d [， 。]d d [， 。]d d [， 。]d d [， 。]d d [， 。]d d [， 。]d d [， 。]d d [， 。]d d [， 。]d d [， 。]d d [， 。]d d [， 。]d d [， 。]d d [， 。]d d [， 。]d d [， 。]d d [， 。]d d [， 。]d d [， 。]d d [， 。]d d [， 。]d d [， 。]d d [， 。]d d [， 。]d d [， 。]d d [， 。]d d [， 。]d d [， 。]d d [， 。]d d [， 。]d d [， 。]d d [， 。]d d [， 。]d d [， 。]d d [， 。]d d [， 。]d d [， 。]d d [， 。]d d [， 。]d d [， 。]d d [， 。]d d [， 。]d d [， 。]d d [， 。]d d [， 。]d d [， 。]d d [， 。]d d [， 。]d d [， 。]d d [， 。]d d [， 。]d d [， 。]d d [， 。]d d [， 。]d d [， 。]d d [， 。]d d [， 。]d d [， 。]d d [， 。]d d [， 。]d d [， 。]d d [， 。]d d [， 。]d d [， 。]d d [， 。]d d [， 。]d d [， 。]d d [， 。]d d [， 。]d d [， 。]d d [， 。]d d [， 。]d d [， 。]d d [， 。]d d [， 。]d d [， 。]d d [， 。]d d [， 。]d d [， 。]d d [， 。]d d [， 。]d d [， 。]d d [， 。]d d [， 。]d d [， 。]d d [， 。]d d [， 。]d d [， 。]d d [， 。]d d [， 。]d d [， 。]d d [， 。]d d [， 。]d d [， 。]d d [， 。]d d [， 。]d d [， 。]d d [， 。]d d [， 。]d d [， 。]d d [， 。]d d [， 。]d d [， 。]d d [， 。]d d [， 。]d d [， 。]d d [， 。]d d [， 。]d d [， 。]d d [， 。]d d [， 。]d d [， 。]d d [， 。]d d [， 。]d d [， 。]d d [， 。]d d [， 。]d d [， 。]d d [， 。]d d [， 。]d d [， 。]d d [， 。]d d [， 。]d d [， 。]d d [， 。]d d [， 。]d d [， 。]d d [， 。]d d [， 。]d d [， 。]d d [， 。]d d [， 。]d d [， 。]d d [， 。]d d [， 。]d d [， 。]d d [， 。]d d [， 。]d d [， 。]d d [， 。]d d [， 。]d d [， 。]d d [， 。]d d [， 。]d d [， 。]d d [， 。]d d [， 。]d d [， 。]d d [， 。]d d [， 。]d d [， 。]d d [， 。]d d [， 。]d d [， 。]d d [， 。]d d [， 。]d d [， 。]d d [， 。]d d [， 。]d d [， 。]d d [， 。]d d [， 。]d d [， 。]d d [， 。]d d [， 。]d d [， 。]d d [， 。]d d [， 。]d d [， 。]d d [， 。]d d [， 。]d d [， 。]d d [， 。]d d [， 。]d d [， 。]d d [， 。]d d [， 。]d d [， 。]d d [， 。]d d [， 。]d d [， 。]d d [， 。]d d [， 。]d d [， 。]d d [， 。]d d [， 。]d d [， 。]d d [， 。]d d [， 。]d d [， 。]d d [， 。]d d [， 。]d d [， 。]d d [， 。]d d [， 。]d d [， 。]d d [， 。]d d [， 。]d d [， 。]d d [， 。]d d [， 。]d d [， 。]d d [， 。]d d [， 。]d d [， 。]d d [， 。]d d [， 。]d d [， 。]d d [， 。]d d [， 。]d d [， 。]d d [， 。]d d [， 。]d d [， 。]d d [， 。]d d [， 。]d d [， 。]d d [， 。]d d [， 。]d d [， 。]d d [， 。]d d [， 。]d d [， 。]d d [， 。]d d [， 。]d d [， 。]d d [， 。]d d [， 。]d d [， 。]d d [， 。]d d [， 。]d d [， 。]d d [， 。]d d [， 。]d d [， 。]d d [， 。]d d [， 。]d d [， 。]d d [， 。]d d [， 。]d d [， 。]d d [， 。]d d [， 。]d d [， 。]d d [， 。]d d [， 。]d d [， 。]d d [， 。]d d [， 。]d d [， 。]d d [， 。]d d [， 。]d d [， 。]d d [， 。]d d [， 。]d d [， 。]d d [， 。]d d [， 。]d d [， 。]d d [， 。]d d [， 。]d d [， 。]d d [， 。]d d [， 。]d d [， 。]d d [， 。]d d [， 。]d d [， 。]d d [， 。]d d [， 。]d d [， 。]d d [， 。]d d [， 。]d d [， 。]d d [， 。]d d [， 。]d d [， 。]d d [， 。]d d [， 。]d d [， 。]d d [， 。]d d [， 。]d d [， 。]d d [， 。]d d [， 。]d d [， 。]d d [， 。]d d [， 。]d d [， 。]d d [， 。]d d [， 。]d d [， 。]d d [， 。]d d [， 。]d d [， 。]d d [， 。]d d [， 。]d d [， 。]d d [， 。]d d [， 。]d d [， 。]d d [， 。]d d [， 。]d d [， 。]d d [， 。]d d [， 。]d d [， 。]d d [， 。]d d [， 。]d d [， 。]d d [， 。]d d [， 。]d d [， 。]d d [， 。]d d [， 。]d d [， 。]d d [， 。]d d [， 。]d d [， 。]d d [， 。]d d [， 。]d d [， 。]d d [， 。]d d [， 。]d d [， 。]d d [， 。]d d [， 。]d d [， 。]d d [， 。]d d [， 。]d d [， 。]d d [， 。]d d [， 。]d d [， 。]d d [， 。]d d [， 。]d d [， 。]d d [， 。]d d [， 。]d d [， 。]d d [， 。]d d [， 。]d d [， 。]d d [， 。]d d [， 。]d d [， 。]d d [， 。]d d [， 。]d d [， 。]d d [， 。]d d [， 。]d d [， 。]d d [， 。]d d [， 。]d d [， 。]d d [， 。]d d [， 。]d d [， 。]d d [， 。]d d [， 。]d d [， 。]d d [， 。]d d [， 。]d d [， 。]d d [， 。]d d [， 。]d d [， 。]d d [， 。]d d [， 。]d d [， 。]d d [， 。]d d [， 。]d d [， 。]d d [， 。]d d [， 。]d d [， 。]d d [， 。]d d [， 。]d d [， 。]d d [， 。]d d [， 。]d d [， 。]d d [， 。]d d [， 。]d d [， 。]d d [， 。]d d [， 。]d d [， 。]d d [， 。]d d [， 。]d d [， 。]d d [， 。]d d [， 。]d d [， 。]d d [， 。]d d [， 。]d d [， 。]d d [， 。]d d [， 。]d d [， 。]d d [， 。]d d [， 。]d d [， 。]d d [， 。]d d [， 。]d d [， 。]d d [， 。]d d [， 。]d d [， 。]d d [， 。]d d [， 。]d d [， 。]d d [， 。]d d [， 。]d d [， 。]d d [， 。]d d [， 。]d d [， 。]d d [， 。]d d [， 。]d d [， 。]d d [， 。]d d [， 。]d d [， 。]d d [， 。]d d [， 。]d d [， 。]d d [， 。]d d [， 。]d d [， 。]d d [， 。]d d [， 。]d d [， 。]d d [， 。]d d [， 。]d d [， 。]d d [， 。]d d [， 。]d d [， 。]d d [， 。]d d [， 。]d d [， 。]d d [， 。]d d [， 。]d d [， 。]d d [， 。]d d [， 。]d d [， 。]d d [， 。]d d [， 。]d d [， 。]d d [， 。]d d [， 。]d d [， 。]d d [， 。]d d [， 。]d d [， 。]d d [， 。]d d [， 。]d d [， 。]d d [， 。]d d [， 。]d d [， 。]d d [， 。]d d [， 。]d d [， 。]d d [， 。]d d [， 。]d d [， 。]d d [， 。]d d [， 。]d d [， 。]d d [， 。]d d [， 。]d d [， 。]d d [， 。]d d [， 。]d d [， 。]d d [， 。]d d [， 。]d d [， 。]d d [， 。]d d [， 。]d d [， 。]d d [， 。]d d [， 。]d d [， 。]d d [， 。]d d [， 。]d d [， 。]d d [， 。]d d [， 。]d d [， 。]d d [， 。]d d [， 。]d d [， 。]d d [， 。]d d [， 。]d d [， 。]d d [， 。]d d [， 。]d d [， 。]d d [， 。]d d [， 。]d d [， 。]d d [， 。]d d [， 。]d d [， 。]d d [， 。]d d [， 。]d d [， 。]d d [， 。]d d [， 。]d d [， 。]d d [， 。]d d [， 。]d d [， 。]d d [， 。]d,
终于v作为动词，后面接逗号或句号,终于v+[，+。],4,终于v[，+。],
w后接一系列包含q， r， d， c， v， a， n， m， p的词串，词串后接w,w暗.明[q r d c v a  n m  p]w,4,w害.利[q+r+d+c+v+a++n+m++p]w,
不觉后接a， n， r组成的词串，词串后接逗号或句点,不觉v[v a n r][， 。],4,不觉v[v+a+n+r][，+。],
极度后接形容词或动词或名词，后接逗号或句点,极度v[v a n r][， 。],4,极度v[v+a+n+r][，+。],
哭、遇到、挑、用、签、拜的单个词,[哭 遇到 挑 用 签 拜]个,4,哭+遇到/v+挑+用+签+拜,
或许、或者、及早的组合，后接疑问词或名词，后接逗号或句点,[或许 或者 及早]v[q m ]n[， 。],4,[或许+或者+及早]v[q+m+]n[，+。],
由'务必'后接动词、形容词等，中间可能有逗号或句点的句子,务必v a[， 。],4,务必v+a[，+。],
由'从头'后接动词，中间可能有逗号或句点的句子,从头d v[， 。],4,从头d+v[，+。],
由'只好'后接动词、形容词等，中间可能有逗号或句点的句子,只好v a[， 。],4,只好v+a[，+。],
由'大多'后接动词，中间可能有逗号或句点的句子,大多d v[， 。],4,大多d+v[，+。],
时刻之后接形容词、名词，句尾句点或句尾符号,时刻d a[， 。],4,时刻d+n[，+。],
动词之后接到、动词，句尾句点或句尾符号,v到r v[， 。],4,v到r[，+。],
默默之后接形容词、动词，句尾句点或句尾符号,默默d v[， 。],4,默默v+a[，+。],
动词酌情后接助词，助词后接逗号或句号,酌情v u[， 。],4,酌情v+u[，+。],
动词马上后接动词，动词后接逗号或句号,马上v v[， 。],4,马上v+v[，+。],
动词顺便后接名词，名词后接逗号或句号,顺便v n[， 。],4,顺便v+n[，+。],
副词一连后接逗号或句号,一连a[， 。],4,一连a[，+。],
极度+逗号或句号+动词+形容词+名词,极度[v a n r][， 。],4,极度v[v+a+n+r][，+。],
的+助词+量词+名词+逗号或句号,的r q n[， 。],4,的r+q+n[，+。],
照例+动词+形容词+名词+动词+逗号或句号,照例v[v a n r][， 。],4,照例v[v+a+n+r][，+。],
早已+长年+长期+动词+形容词+名词+动词+逗号或句号,[早已 长年 长期][v a n r][， 。],4,[早已+长年+长期][v+a+n+r][，+。],
重新后面接y，后跟句号,重新v y[， 。],4,重新v+y[，+。],
分别后面接名词，最后只跟逗号或句号,分别d n[， 。],4,分别v n[， 。],
不后接动词、形容词或名词的句子,不无[a v n],4,不[v a n r][， 。],
凡是、反倒、反而后接疑问词、助词、名词，句尾为逗号或句号的句子,[凡是 反倒 反而]v[q m ]n[， 。],4,[凡是+反倒+反而]v[q+m+]n[，+。],
定期后接语气词，句尾为逗号或句号的句子,定期v y[， 。],4,定期v+y[，+。],
如后接名词、动词、动名词、形容词、名词、地名、机构团体名、其他专名、形容词，序列后接a,如[n v vn an nr ns nt nz r]a,4,如[n v vn an nr vr d c r ns nz rs m s]a,
就是动词后可能接逗号或句号,就是v[， 。],4,就是v[，+。],1
时刻后接a，a后可能接逗号或句号,时刻a[， 。],4,时刻a[，+。],1
"动词""直到""后紧跟着动词或形容词，最后是逗号或句号",直到v y[， 。],4,直到v+y[，+。],
"动词""一一""后紧跟着形容词、动词、名词和形容词，最后是逗号或句号",一一[v a n r][， 。],4,一一[v+a+n+r][，+。],
"形容词""容易""后紧跟着逗号或句号",容易a[， 。],4,容易a[，+。],
组合X接动词，动词后接'力',[X  V]力,4,[X+V]力,
被接动词，动词后接逗号或句号,被v停[， 。],4,被v穷[，+。],
w接松紧组合，松紧组合由多个词构成，每个词接w,w松.紧[q r d c v a  n m  p]w,4,w松.紧[q+r+d+c+v+a++n+m++p]w,
一连接动词，动词接名词、形容词、动词，动词后接逗号或句号,一连v[v a n r][， 。],4,一连v[v+a+n+r][，+。],
写在后接一个名词，名词属于[f+s]类,写在 n[f s],4,写在+n[f+s],
一通动词后接逗号或句点，表示动作的连续性,一通v[， 。],4,一通v[，+。],1
高度形容词后接动词，表示程度,高度d v[， 。],4,高度d+v[，+。],
比较后接名词，句尾前接逗号或句点,比较d n[， 。],4,比较d+n[，+。],
到处后接逗号或句点,到处v[， 。],4,到处v[，+。],
当面、当然、到处这些词以特定顺序组合，后接由疑问词、形容词和动词组成的复合词，句尾前接逗号或句点,[当面 当然 到处]v[q m ]v[， 。],4,[当面+当然+到处]v[q+m+]v[，+。],
由a、d、n、v、l组成的词后接人命,[a d n v  l]人命,4,[a+d+n+v++l]人命,1
觉得之后紧跟的是形容词，后接逗号或句点,觉得a[， 。],4,觉得a[，+。],1
成心之后紧跟的是动词和形容词，后接逗号或句点,成心v y[， 。],4,成心v+y[，+。],
直到之后紧跟的是动词、形容词、名词和形容词，后接逗号或句点,直到[v a n r][， 。],4,直到[v+a+n+r][，+。],
我的名词 + 空格 + 逗号或句点,我的n  [， 。],4,我的n [， 。],1
仍然副词 + 动词 + 逗号或句点,仍然d v[， 。],4,仍然d+v[，+。],1
未必动词 + 名词 + 逗号或句点,未必v n[， 。],4,未必v+n[，+。],1
终年动词后，接着形容词、名词、形容词、名词，然后一个逗号或句号,终年[v a n r][， 。],4,终年[v+a+n+r][，+。],
困在前接nt、ns、s、f、r,困在[nt ns s f r],4,困在[nt+ns+s+f+r],
逗号、加号、加号组合后的名词后接逗号、句号,[， 。]c a a [， 。],4,[，+。]c+a+a+[，+。],
动词'擅自'后紧跟逗号或句号,擅自v[， 。],4,擅自v[，+。],
动词'w才'后跟'a'属性，然后紧跟逗号或句号,w才 a[， 。],4,w才+a[，+。],
何等之后是一个动词，后面紧跟一个逗号或句号,何等d v[， 。],4,何等d+v[，+。],
逗号或句号之后是一个连词，然后是一个a或m类词，最后是一个逗号或句号,[， 。]c a m [， 。],4,[，+。]c+a+m+[，+。],
大力之后是一个动词，后面跟着y类词，最后是一个逗号或句号,大力v y[， 。],4,大力v+y[，+。],1
随后之后是一个动词，最后是一个逗号或句号,随后d v[， 。],4,随后d+v[，+。],
几乎之后动词后面离合出现逗号或句号,几乎d v[， 。],4,几乎d+v[，+。],
比之后形容词、动词、名词后面离合出现逗号或句号,比r d a[， 。],4,比r+d+a[，+。],
持续之后名词后面离合出现逗号或句号,持续n[， 。],4,持续n[，+。],
不禁之后的助词、名词、动词、形容词后面离合出现逗号或句号,不禁[v a n r][， 。],4,不禁[v+a+n+r][，+。],
原来动词 + 名词 + 全角逗号或句号,原来v n[， 。],4,原来v+n[，+。],1
一系列程度词接轻飘飘,[有点 有点儿 有些 很 非常 最]轻飘飘,4,[淡 轻 柔 薄 轻飘飘]x,
动词接姑且，后面直接跟用法或补语，最后可能有逗号或句号,姑且v u[，+。],4,姑且v u[， 。],
逗号或句号后接动词，紧跟名词，再接动词，最后是逗号或句号,[， 。]v n v[， 。],4,[， 。]v v n [， 。],
不可后接形容词或动词，最后是逗号或句号,不可d v[， 。],4,不可d+v[，+。],
由明白、上来、生出、招、托、补组成的词组后接一个词,[明白 上来 生出 招 托 补 ]个,4,[明白+上来+生出+招+托+补+]个,
成心后接形容词或动词，最后是逗号或句号,成心v a[， 。],4,成心v+a[，+。],
动词持续后面跟n，之后可以是逗号或句号,持续v n[， 。],4,持续v+n[，+。],
名词固然后面可以跟逗号或句号,固然n[， 。],4,固然n[，+。],
动词其实后面跟y,其实v y[， 。],4,其实v+y,
动词从小后面跟v、a、n、r,从小[v a n r][， 。],4,从小[v+a+n+r],
动词+名+动词，句尾可接逗号或句点,v m n[， .],4,v+m+n[，+.],
以雄.雌为结尾的句子，包含形容词、动词、名词等,w[q r d c v a  n m  p]雄.雌w,4,w[q+r+d+c+v+a++n+m++p]雄.雌w,
副词+既不，句尾可接逗号或句点,既不a[， .],4,既不a[，+.],
形容词，句尾可接逗号或句点,这个a[， .],4,那样a[， 。],
'不觉+不禁+不堪'后接动词、副词、名词、形容词，然后是逗号或句号,[不觉 不禁 不堪][v a n r][， 。],4,[不觉+不禁+不堪][v+a+n+r][，+。],
'送+叫+使+卖+画+办+讲+玩+系'组合后接'个',[送 叫 使 卖 画 办 讲 玩 系]个,4,[送+叫+使+卖+画+办+讲+玩+系]个,1
动词v后接'不过'，然后是副词和逗号或句号,不过v u[， 。],4,不过v+u[，+。],
大概后面加动词、a、n、r，且后标点符号必须是逗号或句号,大概v[v a n r][， 。],4,大概[v a n r][， 。],
一时、一同、一向后面加动词和q、m、n，且后标点符号必须是逗号或句号,[一时 一同 一向]v[q m ]n[， 。],4,[一时+一同+一向]v[q+m+]n[，+。],
被动结构，'他'执行动作后接了动词，动作后可能接逗号或句号,被他v了[， 。],4,被他v了[，+。],
模范动词后接地点词,模范[v p 地],4,模范v+w,
陆续进行动作，动作后可能接逗号或句号,陆续d v[， 。],4,陆续d+v[，+。],
重点强调执行动作，动作后可能接逗号或句号,重点v y[， 。],4,重点v+y[，+。],
动词各后邻动词、各的，各的后邻逗号或句号,各v各的n[， 。],4,各v各的n[，+。],1
动词胡乱后邻虚词，虚词后邻逗号或句号,胡乱v u[， 。],4,胡乱v+u[，+。],
动词后接一贯、一举、一连，最后逗号或句号,[一贯 一举 一连]v[v a n ][， 。],4,[一贯 一举 一连][， 。],
标点符号后接q、r、d、c、v、a、n、m、p，然后是今、古，最后是标点符号,w[q r d c v a  n m  p]今.古w,4,w[q+r+d+c+v+a++n+m++p]今.古w,
偏偏之后接动词再接语气词，之后接逗号或句点,偏偏v+u[，+。],4,偏偏v y[， 。],
动词'随即'之后紧跟由v、a、n、r构成的序列，然后以逗号或句号结尾,随即[v+a+n+r][，+。],4,随即[v a n r][， 。],
形容词'd'之后紧跟名词'n'，然后以逗号或句号结尾,特地d+n[，+。],4,亲手d n[， 。],
动词'往往'之后紧跟名词'n'，然后以逗号或句号结尾,往往v+n[，+。],4,往往v n[， 。],
合格动词后接介词，介词后接地点词，地点词后可接助词,合格[v+p+地/u],4,合格+v+p+N,
w后接前缀q、r、d、c、v、a，然后接名词、助词、动词、连词、形容词，最后接w,w后.前[q+r+d+c+v+a++n+m++p]w,4,w[q r d c v a  n m  p]角.边w,
组合词后接动词，句中逗号或句点,[分期+分外+纷纷]v[q+m+]v[，+。],4,一起d v[， 。],
动词分批后面紧接另一个动词，动词之间可接逗号或句号,分批v v[，+。],4,分批v+v[，+。],
名词后接数字一和量词，量词后面可接逗号或句号,n 一 q[，+。],4,n+一+q[，+。],1
动词私自后面紧接另一个动词，动词之间可接逗号或句号,私自v v[，+。],4,私自v+v[，+。],
动词后面紧接年份，年份之后可接逗号或句号,v了m年n[， 。],4,v于n[， 。],
提早动词 + y（可能表示程度或方向），句尾前后可能有逗号或句号,提早v y[， 。],4,提早v+y[，+。],
幸好、幸亏、徐徐动词 + 一个名词（可能表示原因或结果），句尾前后可能有逗号或句号,[幸好 幸亏 徐徐]v[q m ]n[， 。],4,[幸好+幸亏+徐徐]v[q+m+]n[，+。],
决不动词 + 一定副词 + 句尾包含逗号或句号,决不v y[， 。],4,决不v+y[，+。],
刚刚动词 + 句尾包含逗号或句号,刚v[， 。],4,刚v[，+。],
好处动词 + 句尾包含逗号或句号,好在v[， 。],4,好处v[，+。],
毫不之后形容词，形容词后接逗号或句号,毫不v a[， 。],4,毫不v+a[，+。],
相互之后形容词，形容词后接逗号或句号,相互v a[， 。],4,相互v+a[，+。],
随即之后动词，动词后接逗号或句号,随即d v[， 。],4,随即d+v[，+。],
动词+名词，句尾后接逗号或句号,略微v n[， 。],4,务必v+n[，+。],
动词+形容词，句尾后接逗号或句号,可巧v a[， 。],4,纷纷v+a[，+。],
标点符号+名词+形容词+名词+形容词+名词+动词+形容词+名词+形容词+名词+助词，句尾后接标点符号,w老.少[q r d c v a  n m  p]w,4,w得.得[q r d c v a  n m  p]w,
动词，句尾后接逗号或句号,务必v[， 。],4,顺便v[，+。],
值得后接一个动词，动词后面必须接逗号或句号,值得一v[， 。],4,值得a[， 。],
动词接'起'，后接形容词，再接名词，后接逗号或句号,[v a]不起n[， 。],4,起v+a+n[，+。],
动词接'必然'，后接形容词，再接副词，后接逗号或句号,必然v u[， 。],4,必然v+u[，+。],
名词接'别人'，后接逗号或句号,别人n[， 。],4,别人n[，+。],
动词接'的确'，后接形容词，再接副词，后接逗号或句号,的确v u[， 。],4,的确v+u[，+。],
动词一心后面跟名词，名词前后可跟逗号或句号,一心v n[，+。],4,一心v+n[，+。],
名词必定后面可跟逗号或句号,必定n[， 。],4,必定n[，+。],
动词最好后面跟一系列包括形容词、名词、动词、形容词的元素，后面可跟逗号或句号,最好[v a n r][， 。],4,最好[v+a+n+r][，+。],
动词处处后面跟u，u后面可跟逗号或句号,处处v u[， 。],4,处处v+u[，+。],
鉴于名词后接逗号或句号,鉴于n [， 。],4,鉴于n+[，+。],1
自行动词后接逗号或句号,自行v[v a n r][， 。],4,自行v[v+a+n+r][，+。],
塞后接一系列动词,塞+[起+上+下+过+开+进+出],4,塞V*Vn,
亲自后面接动词y，y后面可以是逗号或句号,亲自v y[， 。],4,亲自v+y[，+。],
记后面接名词，之后接f+s组合,记 n[f s],4,记+n[f+s],1
给予后面接动词v和动名词vn,给予[v vn],4,给予[v+vn],
被迫后面接名词，之后可以是逗号或句号,被迫d n[， 。],4,被迫d+n[，+。],
从宏观上 + 说 + 讲,从宏观上[说 讲],4,从宏观上[说+讲],
一旦 + 一道 + 一定 + 动词 + 名词 + ， 或 .,[一旦 一道 一定]v[q m ]n[， 。],4,[一旦+一道+一定]v[q+m+]n[，+。],
动词 + 了 + 动词 + 名词 + ， 或 .,v了v n[， 。],4,v了v+n[，+。],1
一度 + 动词 + 名词 + ， 或 .,一度d n[， 。],4,一度d+n[，+。],
陆续后接动词，动词由a、n、r组成，前后有逗号或句号,陆续v[v a n r][， 。],4,陆续v[v+a+n+r][，+。],
暂且后接动词，动词重复，前后有逗号或句号,暂且v v[， 。],4,暂且v+v[，+。],
至今后接动词，动词后接y，前后有逗号或句号,至今v y[， 。],4,至今v+y[，+。],
经常后接动词，动词由a组成，前后有逗号或句号,经常v a[， 。],4,经常v+a[，+。],
特地后接名词，最后接逗号或句点,特地v n[， 。],4,特地v+n[，+。],
过分后接名词，最后接逗号或句点,过分d n[， 。],4,过分n[， 。],
一时后接形容词y，最后接逗号或句点,一时v y[， 。],4,一时v+y[，+。],
由v、a、n、r组成的动词、副词、名词、形容词组成的组合后接逗号或句点,将近[v a n r][， 。],4,时刻[v+a+n+r][，+。],
不料动词后接一个标点符号,不料v[， 。],4,不料v a[， 。],
进后面接进和一进组合,进[进+一进+],4,进[进 一进 ],1
逗号或句号组合后面接n，然后是'一q'组合，最后是逗号或句号组合,[，+。]n一q[，+。],4,[，+。]n一q+[，+。],1
合理后面接动词、p和地组合,合理+[v+p+地],4,合理+(v)+p+地{len($1)=2},
查、走、补、拼、搭、戴、抱、依、介绍组合后面接个,[查+走+补+拼+搭+戴+抱+依+介绍]个,4,[查 走 补 拼 搭 戴 抱 依 介绍]个,1
形容词客观后接动词v，动词后接p、地/u元素,客观/a[v+p+地/u],4,客观/a+v+p+地/u,
动词 '凡是' 后跟 'a'，然后跟逗号或句号,凡是v a[， 。],4,凡是v+a[，+。],
由 '大怒' 和 '震怒' 组成的序列后跟动词，并且动词后跟 '上'、'下' 或 '起',[大怒 震怒]*V[上 下 起],4,[大怒+震怒]*V[上+下+起],
根本、更加、公然这三个词中任选一个，后面离合出现v、a、n、r中的任意一个，然后接逗号或句号,[根本 更加 公然][v a n r][， 。],4,[根本+更加+公然][v+a+n+r][，+。],1
动词后接'之余'，后面接逗号或句号,v之余[， 。],4,v之余[，+。],1
成天动词后接名词，名词后接逗号或句号,成天d n[， 。],4,成天d+n[，+。],
特意动词后接名词，名词后接逗号或句号,特意n[， 。],4,特意v+n[，+。],1
动词‘极度’后接形容词，形容词后只能接逗号或句点,极度v u[， 。],4,极度v a[， 。],
终年d后面接名词，且名词后面紧跟着逗号或句号,终年d n[， 。],4,终年d+n[，+。],1
全力后面接名词，且名词后面紧跟着逗号或句号,全力n[， 。],4,全力n[，+。],1
有些后面接形容词，且形容词后面紧跟着逗号或句号,有些a[， 。],4,有些a[，+。],1
一向d后面接形容词，且形容词后面紧跟着逗号或句号,一向d a[， 。],4,一向d+a[，+。],1
时而动词，且后面跟逗号或句点。,时而v[， 。],4,时而v[，+。],1
特别名词，且后面跟逗号或句点。,特别n[， 。],4,特别n[，+。],1
a之际。,a之际[， 。],4,a之际。,1
天生动词后接y，y后面可以是逗号或句号,天生v+y[，+。],4,天生动词+y[，+。],
恰巧后面连接一个以y结尾的动词，后面紧跟着逗号或句点,恰巧v+y[，+。],4,恰巧v y[， 。],
由给、送、教、找、借组成的nr后接这或那，然后是量词n,[给+送+教+找+借]nr+[这+那]q+n,4,[给+送+教+找+借]n+这+那+n,
甘 + 苦，甘后面接一系列词性组合，包括形容词、动词、名词等，组合后可能接逗号或句号,w甘.苦[q+r+d+c+v+a++n+m++p]w,4,w[q r d c v a  n m  p]甘[q r d c v a  n m  p]w,
相当后接名词，名词后可能跟着逗号或句号,相当d+n[，+。],4,相当n[，+。],1
用户名后接动词，动词后接微博，微博后可能跟着逗号或句号,w+v[u+y]微博[，+。],4,用户名v+微博[，+。],
用户名后接多个词，包括形容词、动词、名词、数量词，名词后可能跟着逗号或句号,w淡.浓[q+r+d+c+v+a++n+m++p]w,4,w[q+r+d+c+v+a++n+m++p]度n+m++w,
名词后接越，再接形容词，句首前标点，或。或句尾符号不限,[，+。]n越a,4,n+越a或n+,
动词极力后接特定组合，句尾前标点，或。或句尾符号不限,极力v[v+a+n+r][，+。],4,极力v[，+。],
动词亲身后接名词，句尾前标点，或。或句尾符号不限,亲身v+n[，+。],4,亲身n[，+。],
动词中途后接动词，句尾前标点，或。或句尾符号不限,中途v+v[，+。],4,中途v v[， 。],
动词、形容词、名词、人名、量词、虚词先后连接，后面紧跟逗号或句号,先后[v+a+n+r][，+。],4,[v+a+n+r][，+。],
动词`把`后面紧跟两个名词或人名，之后动词，再接动词，后面紧跟逗号或句号,把++[n+r]+v成[，+。],4,把n+n+v+v[，+。],
形容词`大约`后面紧跟模糊量词或虚词，后面紧跟一个词,大约~[m+q]+,4,大约q+w,
动词`私自`后面紧跟动词、形容词、名词、人名，后面紧跟逗号或句号,私自v[v+a+n+r][，+。],4,私自v[v a n r][， 。],
包含通常、形容词，最后接逗号或句号,通常d+a[，+。],4,通常a[，+。],1
包含故意、动词、u，最后接逗号或句号,故意v+u[，+。],4,故意v u[， 。],1
包含句点、问号、感叹号、逗号、顿号、冒号、分号，最后接一个词，该词以吧结尾,[。+？+！+，+、+：+；]~吧w,4,[。+？+！+，+；+：+][。+：]吧,
包含动词、形容词，后接或许,或许是[v+a],4,(v) (a)或许{len($1)=2},
又、又后接形容词，后接逗号或句点,又a又a[，+。],4,又d a[， 。],
就地后接动词、形容词、名词、形容词，后接逗号或句点,[就地+v+a+n+r][，+。],4,就地[v+a+n+r][，+。],
疑问词后接形容词、形容词、名词、形容词、动词、形容词、名词、形容词、名词、动词、形容词、名词，后接少、老,w少.老[q+r+d+c+v+a++n+m++p]w,4,w[q r d c v a  n m  p]少.老w,
又后接形容词，后接逗号或句点,又a+[，+。],4,又a[，+。],1
由多个词组成的序列，后接个的句子,[收+陪+戳+教+熬+想来+串+得出]个,4,[请 也就 方面 方面 方面]个,
"以动词v开头，后接""我的""，再接名词n的句子",v我的n[，+。],4,v我的n,1
动词买后面跟着q、r、d、c、v、a、n、m、p中的任意组合，之后用逗号或句号连接，再跟着卖。,w[q+r+d+c+v+a++n+m++p]买.卖w,4,买[q+r+d+c+v+a++n+m++p]卖,
动词后接下，这后面接名词，句尾为逗号或句点,v下这q+n[，+。],4,v下n[， 。],1
对后接名词或形容词，名词或形容词后接的+的+后接名词或形容词，名词或形容词，构成抗议,对+[n+r]+的+[a+d]+抗议,4,对[n+r]+拒绝+[n+r]+抗议,
逗号或句点后接字母m，字母m后接q，q后接a，句尾为逗号或句点,[， 。]m q a[， 。],4,[， 。]m q a [， 。],
身为后接名词，句尾为逗号或句点,身为n[， 。],4,身为n[，+。],1
副词'd'后接名词，且这个名词后面可以跟逗号或句号,故意d n[， 。],4,早日d+n[，+。],
动词'快速'后接'y'，且这个词后面可以跟逗号或句号,快速v y[， 。],4,快速v+y[，+。],
名词'未必'后跟逗号或句号,未必n[， 。],4,未必n[，+。],
动词 v， a， n 后面紧跟逗号或句点,[主要 专程 专门]v[v a n ][， 。],4,[顺+逆+乱]v[a+n+][，+。],
副词 d 能 加 形容词 加 副词 r 后面紧跟逗号或句点,d能a+r[，+。],4,d能[， 。],
动词 赶紧 加 副词 y 后面紧跟逗号或句点,赶紧v+y[，+。],4,赶紧v y[， 。],
动词'快速'，之后接形容词，之后是逗号或句号,快速v+u[，+。],4,快速v+y[，+。],
动词'w武.文'，之后是'q'、'r'、'd'、'c'、'v'、'a'、'n'、'm'、'p'，之后是'w',w武.文[q+r+d+c+v+a++n+m++p]w,4,w武.文[q r d c v a  n m  p]w,
动词'把'，之后接名词或形容词，再接动词，之后是逗号或句号,把++[n+r]+v够[，+。],4,把v+y[，+。],
v足够，后面跟形容词，句尾为逗号或句号,足以v+a[，+。],4,足够v a[， 。],
经过，名词，句尾为逗号或句号,经过n+[，+。],4,经过n[，+。],
统统，动词，后面跟拼音，句尾为逗号或句号,统统v+y[，+。],4,统统v+p[，+。],
逗号或句号后接副词d，副词后接形容词，形容词后接u，u之后可跟逗号或句号,[，+。]d+a+u+[，+。],4,[， 。]d a u [， 。],
逗号或句号后接动词，动词后接得a，a后接动词，之后可跟逗号或句号,[，+。]+v得a+[，+。],4,[， 。] v得a v[， 。],
一系列词组合后接个,[甩+堆+设计+告+扣+休息+表达]个,4,[条件+条件+条件++条件++条件++条件+]+个,
过度动词 + 助词 + 逗号 或 分号,过度v+u[，+。],4,过度v u[， 。],
万万动词 + 形容词 + 名词 + 助词 + 助词 + 句尾,万万[v+a+n+r][，+。],4,万万v[v a n r][， 。],
反复动词 + 名词 + 逗号 或 分号,反复d+n[，+。],4,反复v n[， 。],
专程动词之后紧跟一个形容词，两者之间可跟逗号或句点,专程v+a[，+。],4,专程v+u[，+。],
过于动词后面可跟逗号或句点,过于v[，+。],4,过于v[， 。],
亲自动词之后紧跟一个形容词a，两者之间可跟逗号或句点,亲自d+a[，+。],4,亲自v+a[，+。],
逗号、问号、感叹号、省略号后接就是，就是后面可以接省略号,[，+。+？+！+……]就是[，+……],4,[， 。]*就是 ，/w ，,
由网络游戏、网游、手游、手机游戏组成的序列后接动词,[网络游戏+网游+手游+手机游戏]v,4,[网络游戏 网游 手游 手机游戏]*V,
整天动词后接a，a后面可以接逗号或句号,整天d+a[，+。],4,整天v a[， 。],1
次、次后接都，都后接没、不之一，然后接动词,次+次+都[没+不]+v,4,[次 次]*都 [没 不] v,
反而后接副词，副词后接一个或两个标点符号,反而d+v[，+。],4,反而a[，+。],
恰好位于逗号和句点之间的名词,恰好d+n[，+。],4,恰好n[， 。],
分期位于逗号和句点之间的名词,分期d+n[，+。],4,分期n[， 。],
以w开头，随后紧跟由q、r、d、c、v、a、n、m、p组成的词语，中间以出.入结尾,w出.入[q+r+d+c+v+a++n+m++p]w,4,w[q r d c v a  n m  p]出.入w,
在位于动词v之后，随后紧跟名词，最后是逗号和句点,在n里[，+。],4,在 v+n+，+。,
擦作为动词，动词后面接形容词或人名,擦[V+a],4,擦[v+a+r+n+m+p]+$,
成功后接星号，星号后接盈利、营利,成功*[盈利+营利],4,成功*[星号 星]营利,
w后接q、r、d、c、v、a、n、m、p组成的集合，然后恶后接句点、善，善后接w,w[q+r+d+c+v+a++n+m++p]恶.善w,4,w[q r d c v a  n m  p]恶.善w,
没之后接动词，动词之后接逗号或句号,没d+v[，+。],4,没v上[，+。],
定期之后接动词，动词之后接逗号或句号,定期v[，+。],4,定期v[， 。],1
一度之后接由形容词、动词、名词、形容词组成的序列，序列之后接逗号或句号,一度[v+a+n+r][，+。],4,一度v[v+a+n+r][，+。],1
别后接名词，名词后接逗号或句点,别+n[，+。],4,别n[， 。],1
成功后接星号，星号后接地位、身价、身分、高位、上位、青云、要职、职位、位置中的任意组合,成功*[地位+身价+身分+高位+上位+青云+要职+职位+位置],4,成功*[星+号+ ],
永远后接动词，动词后接名词，名词后接逗号或句点,永远v+n[，+。],4,永远v n[， 。],1
[形容词+动词]后接m，m后接倍,[a+v]+m+倍,4,[ance+v]m倍,
动词 'v' 后面连接 '多少'，再接逗号、加号或句号,v了多少[，+。],4,多少v[，+。],
形容词后邻逗号或句点,时而a[，+。],4,几乎a[，+。],
动词后邻逗号或句点,大声v[，+。],4,暂时v[， 。],
名词后接动词，动词后邻逗号或句点,们d+v[，+。],4,暂时n+v[，+。],
一系列词后接'的'、数量词、名词,[东+西+南][头+边+侧+方+面]的m个n,4,[n r] 的 m q,
介词后接连词，再接动词,p+r+v[，+。],4,着+v+*,
以幼或老开头的句子，幼或老后面跟一个或多个词，然后是老或幼,w幼.老[q+r+d+c+v+a++n+m++p]w,4,[幼+老]个+[老+幼],
即将后接动词，然后接名词，最后可以跟逗号或句号,即将v+n[，+。],4,即将d+n[，+。],
动词后接动词，然后接形容词，最后可以跟逗号或句号,v住a[，+。],4,v了v+a[，+。],
奋勇之后的副词，副词由d和a两个词性组成，之后可以跟逗号或句号,奋勇d+a[，+。],4,奋勇d a[， 。],
一心、一一、一再这三个词之后的动词，动词由v和q、m、n三个词性组成，之后可以跟逗号或句号,[一心+一一+一再]v[q+m+]n[，+。],4,[一心 一一 一再]v[q m ]v[， 。],
只好之后的副词，副词由d和a两个词性组成，之后可以跟逗号或句号,只好d+a[，+。],4,只好d a[， 。],
早日之后的名词，之后可以跟逗号或句号,早日n[，+。],4,早日n[， 。],1
一旦动词后，接a（副词），之后可跟逗号或句号,一旦v+a[，+。],4,一旦v a[， 。],
句子中不包含d和v的组合，后面紧跟着逗号或句号,不用d+v[，+。],4,这两个词+(v)+[，+。],
动词不要后面紧跟着a、n、r，后面紧跟着逗号或句号,不要v[v+a+n+r][，+。],4,不要[v+a+n+r][，+。],
尽管、尽快、尽力这些词组后面紧跟着v、a、n、r，后面紧跟着逗号或句号,[尽管+尽快+尽力][v+a+n+r][，+。],4,[尽管+尽快+尽力]v[v+a+n+][，+。],
即将形容词，形容词后面可能有逗号或句号,即将a[，+。],4,即将d+a[，+。],
不愧动词，动词后面可能有逗号或句号,不愧v[，+。],4,不愧v[， 。],1
w后接有，之后可能接逗号、加号或句点，再接形容词、动词、形容词、名词、形容词、名词、形容词、名词、形容词、名词、形容词、名词,w有.无[q+r+d+c+v+a++n+m++p]w,4,w有.![q r d c v a  n m  p]w,
不要、不用、不住这三个词组后接动词，动词后可能接逗号、加号或句点，再接形容词、名词、形容词、名词,[不要+不用+不住][v+a+n+r][，+。],4,[不要+不用+不住]v[v+a+n+][，+。]w,
逐渐动词，后接名词，整个序列后面可以接逗号或句号,逐渐v+n[，+。],4,逐渐d+n[，+。],
屡次动词，后接名词，整个序列后面可以接逗号或句号,屡次d+v[，+。],4,屡次d+n[，+。],
非常后接形容词，形容词后接逗号或句号,非常a[，+。],4,非常 a[， 。],1
好像是后接形容词或动词,好像是[v+a],4,好像是v+w,
一旦、一道、一定这三个词连续，之后接动词、形容词、名词，动词后接逗号或句号,[一旦+一道+一定]v[v+a+n+][，+。],4,[一旦 一道 一定][v a n r][， 。],
而后后接动词，动词后接逗号或句号,而后v[，+。],4,而后d+v[，+。],
动词后接疑问词什么，疑问词后接名词，名词后可能接逗号或句号,v什么n+n+[，+。],4,v什么n[， 。],1
一直后接动词，之后可能接逗号或句号,一直v[，+。],4,一直v+a[，+。],
逗号或句号后接两个名词，之后可能接逗号或句号,[，+。]c+n+n+[，+。],4,[，+。]n+n+[，+。],
动词‘得’后面紧跟形容词、名词，句子以逗号或句点结尾,v得+a+n[，+。],4,得+v+a[，+。],
动词‘多么’后面紧跟形容词、名词或人名，句子以逗号或句点结尾,多么[v+a+n+r][，+。],4,多么v[v a n r][， 。],
动词‘十分’后面紧跟名词，句子以逗号或句点结尾,十分v+n[，+。],4,十分v n[， 。],
动词时而后接连词，再接逗号或句点,时而v+y[，+。],4,时而是v[，+。],
逗号或句点后接副词、重复两次、再接副词，最后接逗号或句点,[，+。]d+r+r+[，+。],4,[， 。]c c c [， 。],
动词暂时后接连词，再接逗号或句点,暂时v+y[，+。],4,暂时v+u[，+。],
动词后接上、那，随后接名词，名词后可接逗号或句号,v上那q+n+[，+。],4,v上那n[，+。],
随时后接动词，动词后可接逗号或句号,随时d+v[，+。],4,随时v[，+。],1
动词V后接上、下、起，随后接生气、气愤、恼怒,V[上+下+起]*[生气+气愤+恼怒],4,V[上+下+起]生气/气愤/恼怒,
难以形容词，后面紧跟逗号或句点,难以n[，+。],4,难以a[， 。],1
动词后面跟着'了什么'，然后紧跟逗号或句点,v了什么v[，+。],4,v了什么[， 。],1
过度副词，后面跟着名词，然后紧跟逗号或句点,过度d+n[，+。],4,过度d n[， 。],
一向动词，后面跟着y，然后紧跟逗号或句点,一向v y[， 。],4,一向v+y[，+。],
至今、至少、中途后接动词，然后接形容词、动词，最后是逗号或句号,[至今 至少 中途]v[q m ]v[， 。],4,[至今+至少+中途]v[q+m+]v[，+。],
w后接正.邪，然后接形容词、动词、名词、形容词，最后接逗号或句号,w正.邪[q r d c v a  n m  p]w,4,w正.邪[q+r+d+c+v+a++n+m++p]w,
认真后接动词，然后接形容词、动词、形容词，最后接副词,认真/a[v p 地/u],4,认真/a[v p 然后 敬礼/w],
动词后接'穿着'和名词，名词后接'，'或'。',穿着n[， 。],4,穿着n[，+。],
名词后接'亲笔'，后面接'，'或'。',亲笔n[， 。],4,亲笔n[，+。],
动词后接'不断'和'y'，后面接'，'或'。',不断v y[， 。],4,不断v+y[，+。],
动词后接'逐渐'和任意的形容词、名词、人名、量词，最后接'，'或'。',逐渐[v a n r][， 。],4,逐渐[v+a+n+r][，+。],
句点后接名词，名词后只能接读音,。管[n r],4,..n音,
时时后接动词，动词后接u，u后只能跟着逗号或句号,时时v u[， 。],4,时时v+u[，+。],
动词后面接形容词，组成双音节词，后面接越加上形容词，后面是逗号或句号,[v a]得越a[， 。],4,v+a+越+a[，+。],
交替、接连、仅仅这三个词组成的序列后面接动词加量词加名词，后面是逗号或句号,[交替 接连 仅仅]v[q m ]n[， 。],4,[交替+接连+仅仅]v[q+m+]n[，+。],
尽量后面接形容词，后面是逗号或句号,尽量d a[， 。],4,尽量v+a[，+。],
正在、只得、只顾这三个词组成的序列后面接动词加形容词加名词加人名，后面是逗号或句号,[正在 只得 只顾][v a n r][， 。],4,[正在+只得+只顾][v+a+n+r][，+。],
偶尔之后动词，动词后面接形容词，句尾标点是逗号或句点,偶尔v a[， 。],4,偶尔v+a[，+。],1
就地之后接副词a，副词a后面只能接句号,就地d a[， 。],4,就地a[， 。],
由s和t组成的序列之后接名词n,[s t]丢了n,4,[s t]n,
由败、并、落、结、没、垮、忌组成的序列之后接名词n，然后接t,[败 并 落 结 没 垮  忌]n t,4,[败+并+落+结+没+垮+忌]n+t,
'什么'后面接名词，名词后面只能接逗号,什么 n[， 。],4,什么+n+,
'照例'后面接动词，动词后面只能接逗号,照例v[， 。],4,照例v a[， 。],
'十分'后面接程度副词，程度副词后面只能接逗号,十分v a[， 。],4,十分a ，,
真诚后接动词、副词、地,真诚 [v p 地],4,真诚/a[v+p+地/z],
逗号或句号后接p，然后p后接动词、u，最后u后接逗号或句号,[， 。]p v u [， 。],4,[，+。]p+v+u+[，+。],
全都后接动词，然后动词后接a，最后a后接逗号或句号,全都v a[， 。],4,全都v+a[，+。],
势必后接动词、a、名词、r，然后r后接逗号或句号,势必[v a n r][， 。],4,势必[v+a+n+r][，+。],
逗号或句号后接d、r、m中的任意词，再接逗号或句号,[， 。]d r m [， 。],4,[，+。]d+r+m+[，+。],
不断形容词后接n，n后接逗号或句号,不断d n[， 。],4,不断d+n[，+。],
只顾形容词后接n，n后接逗号或句号,只顾d n[， 。],4,只顾d+n[，+。],
由a、v、n组成的序列后接兵，之后由a、v、n组成的序列后接将,[a v n]兵[a v n]将,4,[a+v+n]兵[a+v+n]将,
n后面紧跟来，之后由U、q、y、m、a组成的序列，最后紧跟n,n 来 [U q y m a] n,4,n+来+[U+q+y+m+a]+n,
名词后接'一碗'，再接逗号或句点,一碗n[， 。],4,一碗n[，+。],
由'但是'、'而且'、'既然'组成的序列后邻接动词、简称略语，再接逗号或句点,[但是 而且 既然][v a][， 。],4,[但是+而且+既然][v+a][，+。],
名词后接逗号或句点,简直n[， 。],4,n在[， 。],
形容词后接逗号或句点,大都a[， 。],4,恐怕a[， 。],
l的后接名词，并且名词后接另一个名词，并且逗号和句号可出现在最后一个名词之后,l的n n[， 。],4,l的n+n[，+。],1
成功后接名声、名气、声名、名誉、名声、名望、盛名、大名、美名中的任意组合,成功*[名声 名气 声名 名誉 名声 名望 盛名 大名 美名],4,成功*[名声+名气+声名+名誉+名声+名望+盛名+大名+美名],
中途后接逗号、句号或空格,中途v[， 。],4,中途v[，+。],
拼命后接形容词，并且逗号和句号可出现在形容词之后,拼命v a[， 。],4,拼命v+a[，+。],
动词极力接形容词或动词，且这些词后面分别跟逗号或句号,极力v u[，+。],4,极力v+u[，+。],
词语w接q+r+d+c+v+a+双音节名词或形容词，然后接干.湿，最后接w,w[q r d c v a  n m  p]干.湿w,4,w[q+r+d+c+v+a++n+m++p]干.湿w,
动词屡次接动词，且这两个动词后面分别跟逗号或句号,屡次v v[，+。],4,屡次v+v[，+。],
动词 + '喜' + '忧' + (名词或形容词) + (逗号或句号),w喜.忧[q r d c v a  n m  p]w,4,w喜.忧[q+r+d+c+v+a++n+m++p]w,
动词 + '恰好' + 'v' + 'v' + (逗号或句号),恰好v v[， 。],4,恰好v+v[，+。],
动词 + '不断' + 'v' + 'n' + (逗号或句号),不断v n[， 。],4,不断v+n[，+。],
把两个名词或人名之后接动词，表示动作完成,把++[n+r]+v了出来,4,[把+把 n vn],
过去名词，其中过去由st组合构成,[s+t]过去n,4,过去n[st],
由adnl组合构成的动词上层,[a+d+n+v++l]上层,4,adnl v上层,
a则m组合构成的形容词，然后接疑问代词，最后接逗号或句点,a则m+q[，+。],4,[a+则+m]v[q+m+]v[，+。],
有点名词，最后接逗号或句点,有点n[，+。],4,有点n[， 。],1
准时动词后接形容词，再接逗号或句点,准时v+a[，+。],4,准时v a[， 。],1
早已形容词后接名词，再接逗号或句点,早已d+n[，+。],4,早已d n[， 。],
仍然动词后接助词u，再接逗号或句点,仍然v+u[，+。],4,仍然v u[， 。],1
一直名词后接逗号或句号,一直n[，+。],4,一直n[， 。],1
人为动词后接逗号或句号,人为v[，+。],4,人为v+[，+。],1
w后面接一组由q、r、d、c、v、a、n、m、p组成的序列，序列后接干.湿，最后再接w,w干.湿[q+r+d+c+v+a++n+m++p]w,4,w[q+r+d+c+v+a++n+m++p]干.湿w,
动词后接成心，成心后面可接逗号或句号,成心[v+a+n+r][，+。],4,成心v[，+。],
形容词后接至多，至多后面可接逗号或句号,至多a[，+。],4,a至多[， 。],1
动词后接长年，长年后面可接形容词，形容词后面接名词，名词后面可接逗号或句号,长年[v+a+n+r][，+。],4,长年v+a[，+。],
动词后接时常，时常后面可接形容词，形容词后面接名词，名词后面可接逗号或句号,时常v[v+a+n+r][，+。],4,时常v+a[，+。],
动词足以后接逗号或句号,足以v[，+。],4,足v[， 。],
动词一贯后接v、a、n、r组成的序列，序列后接逗号或句号,一贯v[v+a+n+r][，+。],4,一贯v[v a n r][， 。],1
由不问、挥、送来、绞、表演、担、怕组成的序列后接一个字,[不问+挥+送来+绞+表演+担+怕]个,4,[不问 挥 送来 绞 表演 担 怕]个,
副词后接形容词，形容词之间可以是逗号或句号,难怪d+a[，+。],4,特别d+a[，+。],
名词之后可以是逗号或句号,你的n[，+。],4,n+[，+。],1
动词后接一系列词，词之间可以是逗号或句号,从未[v+a+n+r][，+。],4,一定v[v+a+n+r][，+。],
动词后接词，词之间可以是逗号或句号,同期v+y[，+。],4,迎面v[，+。],
重点后接动词，再接u，最后可接逗号或句号,重点v+u[，+。],4,重点v u[， 。],1
不住动词后接动词，最后可接逗号或句号,不住v+v[，+。],4,不住d+v[，+。],
默默后接动词，再接u，最后可接逗号或句号,默默v+u[，+。],4,默默v u[， 。],1
新近形容词 + 新近动词 + 句尾标点（逗号或句号）,新近d+a[，+。],4,新近d+v[，+。],
早已动词 + 早已动词 + 句尾标点（逗号或句号）,早已v+v[，+。],4,早已v v[， 。],
连动词 + 带动词 + 句尾标点（逗号或句号）,连v带v[，+。],4,连v+n[，+。],
顺序包含逗号或句点的句子,顺序a[，+。],4,顺序d+a[，+。],
随着后接动词、形容词、名词、形容词的句子，且句子末尾为逗号或句点,随着[v+a+n+r][，+。],4,随着v[v a n r][， 。],
都后接动词的句子，且句子末尾为逗号或句点,都v了[，+。],4,都v+y[，+。],
不可后接形容词的句子，且句子末尾为逗号或句点,不可v+y[，+。],4,不可v a[， 。],
假使、况且、除非之后接动词，动词后以逗号或句号结尾,[假使+况且+除非][v+a][，+。],4,[假使+况且+除非]v[q+m+]v[，+。],
动词后接形容词，形容词后接逗号或句号,v不住a[，+。],4,不住v+a[，+。],
动词后接形容词，形容词后接逗号或句号,v不住a[，+。],4,不住v+a[，+。],
句首是w，q、r、d、c、v、a、n、m、p后接问，问后接答，句尾是w,w[q+r+d+c+v+a++n+m++p]问.答w,4,w.问.答w,
副词后接形容词，形容词后接逗号或句号,果然d+a[，+。],4,格外d+a[，+。],
动词后接名词，再接逗号或句号,从头v+n[，+。],4,v得n[， 。],
动词后接形容词或副词，再接逗号或句号,长期v+a[，+。],4,不住v a[， 。],
以给、送、教、找、借为开头的动词后接名词,[给+送+教+找+借]r+n,4,[给+送+教+找+借]n,
形容词后接逗号或句号,不可a[，+。],4,恐怕a[，+。],
动词不时后邻u，u后邻逗号或句号,不时v+u[，+。],4,不时v u[， 。],
动词难怪后接由形容词、名词、动词、形容词组成的词汇，词汇后接逗号或句号,难怪[v+a+n+r][，+。],4,难怪v[v+a+n+r][，+。],
w朝夕前接q、r、d、c、v、a、n、m、p，后接w,w朝.夕[q+r+d+c+v+a++n+m++p]w,4,w朝夕[q+r+d+c+v+a++n+m++p]w,
'终究'后接'a'，之后可接逗号或句号,终究a[，+。],4,终究v+a[，+。],
'大肆'后接名词，句尾前后可有逗号或句号,大肆n[，+。],4,大肆d+n[，+。],
'不许'后接动词，动词后接'u'，句尾前后可有逗号或句号,不许v+u[，+。],4,不许v u[， 。],1
非常、分别、分批这三个词组合在一起后接动词，动词后接形容词、动词、名词，再接逗号或句号,[非常+分别+分批]v[v+a+n+][，+。],4,[非常 分别 分批]v[v a n ][， 。],
动词下那后接量词和名词，然后接逗号或句号,下那q+n[，+。],4,下那v+q+n[，+。],
表示包含两个动词组成的短语，且这两个动词之间可以由逗号或句号分隔,到处v+v[，+。],4,一旦v+v[，+。],
表示包含以V开头的动词，后面跟着一系列的动作词，最后以特定的词组合结束,V[上+下+起]*[战栗+战抖],4,V.....+结,
表示包含动词‘新近’，后面跟着一系列的词，且整个短语后面紧跟逗号或句号,新近[v+a+n+r][，+。],4,新近v+n[，+。],
由形容词、副词、名词、动词、量词组成的序列后接上千,[a+d+n+v+l]上千,4,[a+d+n+v++l]上千,
削、规定、打开、享受、更新的组合，后面跟'个',[削+规定+打开+享受+更新]个,4,[削 规定 打开 享受 更新]个,1
逗号或句号开头，后面跟着c+u+r的组合，再跟着逗号或句号, [，+。]c+u+r+[，+。],4,[，+。]d+c+u+r+[，+。],
v+v后面跟着不a的n，再跟着逗号或句号, v+v不a的n[，+。],4,v+v不a+n[，+。],
w后接q、r、d、c、v、a、n、m、p组成的序列，中间可能有多个加号，最后接隐、.、现、w,w[q+r+d+c+v+a++n+m++p]隐.现w,4,w[q r d c v a  n m  p]隐.现w,
形容词暂时后接逗号或句点，且a为形容词,暂时d+a[，+。],4,暂时d a[， 。],
动词v后接a为形容词，且v前为这么,v这么a[，+。],4,这么v a[， 。],
形容词公然后接逗号或句点，且n为名词,公然d+n[，+。],4,公然a n[， 。],
仿佛之后接动词、动词，动词之后接逗号或句号,仿佛v+v[，+。],4,仿佛v v[， 。],1
动词赶快后接形容词，且形容词后接逗号或句号,赶快v+a[，+。],4,赶快v+u[，+。],
动词而后后接助词u，且助词后接逗号或句号,而后v+u[，+。],4,而又v u[， 。],
动词后接名词几天，且名词后接逗号或句号,v几天n[，+。],4,v几n[，+。],
动词从不后接逗号或句号,从不v[，+。],4,从不v[， 。],
逗号或句号后接连词、形容词、助词，且助词后可以接逗号或句号,[，+。]c+a+u+[，+。],4,[，+。]c+a+p[，+。],
的确后接动词，且动词后可以接逗号或句号,的确v[，+。],4,的确v+u[，+。],
匆匆后接动词，且动词后可以接逗号或句号,匆匆v+y[，+。],4,匆匆v+u[，+。],
w后接符合特定词性的序列，然后是否，再接是，最后是w,w[q r d c v a  n m  p]否.是w,4,w[q+r+d+c+v+a++n+m++p]否.是w,
只是动词后接形容词，然后是逗号或句号,只是v y[， 。],4,只是v+y[，+。],
由幸好、幸亏、徐徐组成的序列后接动词，形容词、名词，然后是逗号或句号,[幸好 幸亏 徐徐]v[v a n ][， 。],4,[幸好+幸亏+徐徐]v[v+a+n+][，+。],
副词'并排'后面接动词，最后可以接'，'或'。',并排d v[， 。],4,并排d+v[，+。],
形容词'别'后面接'u'，最后可以接'，'或'。',别a u[， 。],4,别a+u[，+。],
名词'w果'后面接由'因'、'q'、'r'、'd'、'c'、'v'、'a'、'n'、'm'、'p'组成的词汇串，最后是'w',w果.因[q r d c v a  n m  p]w,4,w果.因[q+r+d+c+v+a++n+m++p]w,
临床 + 名词，句尾为逗号或句点,临床d n[， 。],4,临床d+n[，+。],
四处、随后、随即其中之一 + 形容词 + 名词 + 动词，句尾为逗号或句点,[四处 随后 随即][v a n r][， 。],4,[四处 随后 随即]v[v a n ][， 。],
"动词""日夜""后邻连词，连词后邻逗号或句号",日夜v u[，+。],4,日夜v+u[，+。],
"动词""屡次""后邻连词，连词后邻逗号或句号",屡次v u[，+。],4,屡次v+u[，+。],
是后面接形容词，形容词后面可以是逗号或句号,是l的[， 。],4,是a[，+。],1
动词只能，后面跟名词，名词后面可以是逗号或句号,只能v n[， 。],4,只能v+n[，+。],
动词立刻，后面跟另一个动词，两个动词后面可以是逗号或句号,立刻v v[， 。],4,立刻v+v[，+。],
形容词极力，后面跟名词，名词后面可以是逗号或句号,极力d n[， 。],4,极力d+n[，+。],
毫无接形容词，形容词后可跟逗号或句点,毫无v a[， 。],4,毫无v+a[，+。],
w后面接由q、r、d、c、v、a、n、m、p组成的序列，中间有标点，序列后接仆和主，整个序列后接w,w[q+r+d+c+v+a++n+m++p]仆.主w,4,w仆.主[q r d c v a  n m  p]w,
都没人接动词，动词后可跟逗号或句点,都没人v[，+。],4,都没人v[， 。],1
由有、是、在组成的序列接名词，序列后紧跟句点,s[有+是+在]n。,4,[有+是+在]n。,
只后接形容词，形容词后接逗号或句号,只管a[， 。],4,只管a[，+。],
那道后接名词，名词后接逗号或句号,那道n[， 。],4,那道n[，+。],1
决不后接动词、形容词、名词和否定词，否定词后接逗号或句号,决不v[v a n r][， 。],4,决不v[v+a+n+r][，+。],
名词未免后面紧跟逗号或句号,未免n[， 。],4,未免n[，+。],
动词经过后面紧跟逗号或句号,经过v [，+。],4,经过v [， 。],
动词就是后面紧跟形容词，形容词前后可以有逗号或句号,就是v a[，+。],4,就是v+a[，+。],
由m和q组成的词语后面紧跟逗号或句号,m q中[，+。],4,m+q中[，+。],
两或几个构成的组合后接名词,[两 几]片n,4,[两+三个+]n,
眼看后面接u，u后面可以接逗号或句号,眼看v u[， 。],4,眼看v+u[，+。],
v后面接着我，后面可以接逗号或句号,v着我[， 。],4,v着我[，+。],
经常后面接名词，名词后面可以接逗号或句号,经常v n[，+。],4,经常n[，+。],1
不曾后面连接一个名词，之后是一个逗号或句号,不曾n[， 。],4,不曾n[，+。],1
格外后面连接一个动词，之后是一个逗号或句号,格外v[， 。],4,格外v[，+。],1
一系列词语后面连接一个动词，之后是一个逗号或句号,[不免 不时 不许]v[q m ]v[， 。],4,[纷纷+全心全意+死里逃生+一五一十]v[q+m+]v[，+。],
包含'了一'，其中'了一'后面是形容词或简称略语，然后是名词或量词，然后是逗号或句号,了一q n[， 。],4,了一q+n[，+。],
包含'看把'，其中'看把'后面是名词，然后是'a v'开头的形容词或简称略语，最后是'的',看把n [a v]的,4,看把n a[的],
包含'全力'，其中'全力'后面是名词，然后是逗号或句号,全力v n[， 。],4,全力v+n[，+。],
幸亏之后紧跟名词，并且名词后以逗号或句号结尾,幸亏d n[， 。],4,幸亏d+n[，+。],
非常之后紧跟语气词和连词，语气词和连词后以逗号或句号结尾,非常v y[， 。],4,非常v+y[，+。],
没之后紧跟动词，并且动词后以逗号或句号结尾,没v过[， 。],4,没v过[，+。],
分期之后紧跟动词，动词后以逗号或句号结尾,分期v v[， 。],4,分期v u[， 。],
啥后接名词，名词后接都，动词都后接句尾前后的标点符号为逗号或句号,啥n都v[，+ 。],4,啥n都v[，+。],
有些后离合出现a，句尾前后的标点符号为逗号或句号,有些a [，+ 。],4,有些a[，+。],
万分后接副词，副词后接名词，句尾前后的标点符号为逗号或句号,万分d n[，+ 。],4,万分d+n[，+。],1
持续动词后接另一个持续动词，句末前后可接逗号或句点,持续v v[， 。],4,持续v+v[，+。],
一系列动词后接“个”，表示一系列动作之后的结果或对象,[溜 抓住 串 败 抄 离 饿 垫 刺]个,4,[修+养+学+知+准+活+感+除+带]个,
一系列动词后接“个”，表示一系列动作之后的结果或对象,[溜 抓住 串 败 抄 离 饿 垫 刺]个,4,[够+变成+突出+收集+决定+引导]个,
名词+把+刀、椅子、剑、火,m+把+[刀+椅子+剑+火],4,n把[把+刀+椅子+剑+火],
疑问词+名词+形容词+副词+逗号或句号,w+n+d+a[，+。],4,[q+r+d+c+v+a++n+m++p]谁了,
名词、形容词、动词建构,[n+a+v]建构,4,建构n a v,
把+数量词、名词、形容词、动词+动词+紧+句尾标点建构,把++[n+r]+v紧[，+。]建构,4,把m+q+[q+r+d+c+v+a++n+m++p]建构。,
这么+形容词+句尾标点建构,这么a[，+。]建构,4,这么a[， 。]建构,
包含由收拾、刨、发布、感到、附、踏、改进这七个词组成的序列后跟一个量词的句子,[收拾+刨+发布+感到+附+踏+改进]个,4,[收拾 刨 发布 感到 附 踏 改进]个,
包含从某个名词到另一个名词，句中逗号或句点不限的句子,从n到n[，+.],4,从n+到n+[，+.],
包含由从头、从未、从小这三个词组成的序列后跟动词、形容词、名词的组合，句尾为逗号或句点的句子,[从头 从未 从小]v[v a n ][， .],4,[从头+从未+从小]v[v+a+n+][，+。],
动词或形容词得不后接形容词，然后是逗号或句点,[v a]得不a[， 。],4,[v+a]得不a[，+。],
揍后接双音节动词或名词,揍 [vn n],4,揍+[v+n+'],
动词空前后接u，然后是逗号或句点,空前v u[， 。],4,空前v+u[，+。],
特地、特意、提早后接动词或形容词或名词或代词，然后是逗号或句点,[特地 特意 提早][v a n r][， 。],4,[特地+特意+提早][v+a+n+r][，+。],
形容词越后接逗号或句号,越a[， 。],4,越a[，+。],
副词赶快后接副词a，再接逗号或句号,赶快d a[，+。],4,赶快d+a[，+。],
动词反复后接名词n，再接逗号或句号,反复v n[，+。],4,反复v+n[，+。],
名词同年后接逗号或句号,同年n[， 。],4,同年n[，+。],
原本、本来动词后接形容词、名词、动词、名词，之后可能有逗号或句号,本来[v a n r][， 。],4,本来[v+a+n+r][，+。],
w后接以q、r、d、c、v、a、n、m、p开头的形容词，之后接幼、老，可能有逗号或句号,w[q r d c v a  n m  p]幼.老w,4,w[q+r+d+c+v+a++n+m++p]幼.老w,
同时形容词后接动词，之后可能有逗号或句号,同时d v[， 。],4,同时d+v[，+。],
陆续动词后接动词，之后可能有逗号或句号,陆续v v[， 。],4,陆续v+v[，+。],1
一道后面跟动词和名词，名词后可跟逗号或句号,一道v n[， 。],4,一道v+n[，+。],1
w后面跟一系列形容词（包括q，r，d，c，v，a）和名词，中间可插入逗号或句号，之后再跟w,w天.地[q r d c v a  n m  p]w,4,w松.硬.快[q r d c v a  n m  p]w,
亲身后面跟一系列动词（包括v，a，n，r），动词组后可跟逗号或句号,亲身[v a n r][， 。],4,亲身[v+a+n+r][，+。],
尤其后面跟副词和形容词，形容词后可跟逗号或句号,尤其d a[， 。],4,尤其d+a[，+。],1
跳后面连接起、上、下、开、过、进、出,跳 [起 上 下 开 过 进 出],4,跳.上[q+r+d+c+v+a++n+m++p],
终年之后动词，随后紧跟逗号或句点,终年v[， 。],4,终年v[，+。],1
形容词后接不，再接形容词，随后紧跟逗号或句点,a而不a[， 。],4,a 不 a[， 。],1
不断之后动词，随后紧跟逗号或句点,不断v[， 。],4,不断v[，+。],1
亲笔动词后接形容词，形容词后接逗号或句号,亲笔v a[， 。],4,亲笔v+a[，+。],1
一处名词后接另一个名词，两个名词后接逗号或句号,一处n n[， 。],4,一处n+n[，+。],1
非常后接名词，名词后接逗号或句号,非常n[， 。],4,非常n[，+。],1
自发动词，后接逗号或句号,自发v[， 。],4,自发v[，+。],1
包含一系列动作后跟'个'的句子,[受 敲 保持 看到 刮 落下 忙]个,4,[ appeal+调查+等待+分+安排+支持+飞行]个,
包含'准时'，后跟名词，再跟逗号或句号的句子,准时v n[，+。],4,准时v+n[，+。],
包含'难道'，后跟逗号或句点的句子,难道n[， 。],4,难道n[，+。],
包含[n r]组合，后跟'的'，最后是'支持',[n r] 的支持,4,[n r] 支持,
动词后接过、过来、过去、开、回、回来、进、进来、进去、出、出来、出去中的任意一个,v[过 过来 过去 开 回 回来 进 进来 进去 出 出来 出去]了,4,v[过+过来+过去+开+回+回来+进+进来+进去+出+出来+出去]了,
悄悄之后接名词，并且名词后可以接逗号或句点,悄悄d n[， 。],4,悄悄d+n[，+。],
照例之后接名词，并且名词后可以接逗号或句点,照例d n[， 。],4,照例d+n[，+。],
要之后接动词，并且动词后可以接逗号或句点,要v了[， 。],4,要v了[，+。],
积极为形容词，后接动词、副词、地,积极/a[v p 地/u],4,积极/a[v+p+地/u],
凡是为动词，后接u，句尾可能为逗号或句点,凡是v u[， 。],4,凡是v+u[，+。],
由虽然、所以、要是组成的动词序列，后接动词、副词，句尾可能为逗号或句点,[虽然 所以 要是][v a][， 。],4,[虽然+所以+要是][v+a][，+。],
由住、看见、加上、回、装、花、搬、懂组成的多个动作后的'个',[住 看见 加上 回 装 花 搬 懂]个,4,[住+看见+加上+回+装+花+搬+懂]个,1
整整副词后紧跟n名词及逗号或句号,整整d n[，+。],4,整整d+n[，+。],
副词'unnecessary'后面紧跟着形容词，之后是逗号和句号,未免d a[， 。],4,unnecessary d a[， 。],
由'开通'， '码'， '磨'， '搓'， '清理'， '守'， '达'， '尿'这八个词组成，之后紧跟一个量词,[开通 码 磨 搓 清理 守 达 尿]个,4,[开通+码+磨+搓+清理+守+达+尿]个,
必将动词后直接接形容词，形容词后接逗号或句号,必将v y[， 。],4,必将v a[， 。],1
动词后直接接由来、去、上、下、进、出组成的序列，序列后接了,v[来 去 上 下 进 出]了,4,v[来+去+上+下+进+出]了,1
长年动词后直接接形容词，形容词后接逗号或句号,长年v y[， 。],4,长年v a[， 。],
你的后接名词，且名词后在逗号或句点前后,你的n++[，+。],4,你的 n[， 。],1
究竟后接动词n，且动词后在逗号或句点前后,究竟v+n[，+。],4,究竟v n[， 。],
动词后接无、围墙、机关、岁末，合计出现次数超过9次,(v) 无 围墙 机关 岁末 (t){count>9},5,(v)+无+围墙+机关+岁末+(t){count>9},
爱浇后接动词，但动词长度不为3个字符,爱浇+(v)+，{len($1)!=3},5,爱浇 (v){len($1)!=3},1
购买的名词和给予的动词长度均小于4个字符,买(n)给(r){len($1)<4;len($2)<4},5,(n)+给予{len($1)<4},
形容词后接名词，名词长度为3个字符,的 (n) 着{len($1)=3},5,的+(n)+一{len($1)=3},
描述为'更'的形容词出现次数少于506次,更 (a){count<506},5,更+(a){count<506},
制造业后的名词组合开始不包含和+游组合,制造业+(n)+品牌{begin($1)!=[和+游]},5,制造业+(n){begin($1)!=[和+游]},1
归前面和后面的动词相同,(v)归(v){$1=$2},5,归(v)归(v){$1=$2},
支付后面的词语长度不等于3,支付 (n){len($1)!=3},5,支付+(n){len($1)!=3},
老区不以订、战、拍开头,(ns)+老区{begin($1)!=[订+战+拍]},5,(n)+不以{begin($1)!=[订+战+拍]},
车马后面接的名词长度为1,(t)+车马+(n){len($1)!=3; len($2)=1},5,车马+(n){len($1)=1},1
V后接一个，且中间不包含是和有的组合,(V)一个{mid($1)!=[是 有]},5,(V)一个{mid($1)!=[是+有]},1
创新，第一个名词长度小于5，第二个名词长度大于1,(n) 创新 (n){len($1)<5; len($2)>1},5,创新 (n),
单词不、若、良言，实例数量超过2,(w) 不 若 良言 (m){count>2},5,(w)+不+若+良言+(m){count>2},
强力加名词，长度不等于3,强力 (n){len($1)!=3},5,强力+(n){len($1)!=3},1
风光加形容词加再，长度不等于2,风光+(d)+再{len($1)!=2},5,风光 (a) 再{len($1)!=2},1
失去加其他词加劳动，实例数量超过6,失去 (u) 劳动{count>6},5,失去+(u)+劳动{count>6},
遵循后面接名词 + 杜绝，且遵循的长度大于1,遵循 (n) 杜绝{len($1)>1},5,遵循+(n)+杜绝{len($1)>1},1
车辆后面接介词 + 隧道，且车辆的长度不等于2,车辆 (p) 隧道{len($1)!=2},5,车辆+(p)+隧道{len($1)!=2},1
破解后面跟着的动名词长度小于3,破解+(vn)+难题{len($1)<3},5,(v)+破解+(vn){len($2)<3},
j类型的词语后面跟着的j类型词语与前面的相同,(j)中之(j){$1=$2},5,(j)中的(j){$1=$2},
充满后面跟着的名词以情+给结束,充满 (n) 的{end($1)=[情 给]},5,充满+(n)+的{end($1)=[情+给]},
单词后接一个非两个字符的词性,(w)+(c){len($2)!=2},5,(nr) 的 人口 (w){len($1)!=2},
动词后接一个单字符,(v) 表细{len($1)=1},5,(v)+./a{len($1)=1},
发展后接一个两个字符的动词和增强,发展 (v) 增强{len($1)=2},5,发展+(v)+增强{len($1)=2},1
名词后接的干部与动词不同,(n) 干部 (v){$1!=$2},5,(n)+干部+(v){$1!=$2},1
互联网结尾为动词、她、味或放的句子,(v) 互联网{end($1)=[动 她 味 放]},5,v+她+[味+放],
v和m组成的句子数量少于126个,(v) (m){count<126},5,(v)+(m){count<126},1
打开n？的句子中，n部分长度不等于3,打开+(n)+？{len($1)!=3},5,打开 (n)？{len($n)!=3},1
v后接，我d的句子数量超过3个,(v)+，+我+(d){count>3},5,(v) ， 我 (d){count>3},1
动词后接单个字符,(v)+让{len($1)=1},5,(v)+管{len($1)=1},
听后面接单个字符的名词，然后接听,听+(m)+听{len($1)=1},5,听[n+s]听,
她后面接非两个字符的连词，然后接腿,她 (u) 腿{len($1)!=2},5,她+(u)+腿{len($1)!=2},
包含超过6次的名词‘博物学家’的句子,(p)+博物学家{count>6},5,博物学家 (n){count>6},
包含‘文学’后接少于667次的标点符号‘。’的句子,文学+(v)+。{count<667},5,文学+(w)+。{count<667},
包含‘有效’后接‘障碍待入’的动词‘公务’的句子,有效 (v) 公务{end($1)=[障 待 入]},5,有效+(v)+公务{end($1)=[障碍+待入]},
主办的次数少于772次,(p) 主办{count<772},5,(p)+主办{count<772},
u后面跟着a，且u和a都是单个字符,(u) (a){len($1)=1},5,(u)+(a){len($1)=1},
v后面跟着v，并且内容相同,比v还v{$1=$2},5,(v)还是(v){$1=$2},
责任后接名词，'是'作为结尾的句子，实例数量少于337个,责任+(w)+是{count<337},5,责任+(n)+是{count<337},1
r类型实体，后面接逗号，且逗号长度大于1,(r) ，{len($1)>1},5,(r)+，{len($1)>1},1
以 '中产' 为双音节动词的句子,(v) 中产{len($1)=2},5,(v)+中产{len($1)=2},
以 '了' 开头，'n' 类型的名词后面跟着句点的句子,了+(n)+。{len($1)=2},5,了 n .,
以 '秦春华' 开头，'v' 类型的句子长度不为2的句子,秦春华+(v)+。{len($1)!=2},5,秦春华+(v){len($1)!=2},1
以 '展' 开头，'n' 类型的名词以 '心'、'体' 结尾的句子,展+(n)+要{end($1)!=[心+体]},5,展 (n) 心{end($1)=[心 体]},
寻找包含超过2次的以'授人以渔'结尾的句子,，+(v)+授人以渔{count>2},5,授人以渔 (w){count>2},1
寻找非3个字符的'd当'前的动名词和'政策'组成的句子,当+(vn)+政策{len($1)!=3},5,非 (d) 当 政策 (vn){len($1)!=3},
寻找重复的'不.'组成的句子,不(.)白不(.){$1=$2},5,不.不.,
金融后接单个英文单词，且该单词长度为2,金融(n)*w{len($1)=2},5,金融 (w) 需{len($1)=2},
总统后面离合出现nr（人名），且人名的长度大于2,总统+(nr)+会见{len($1)>2},5,总统 (nr) 创新{len($1)>2},
v？，且v的长度不为2,(v) ？{len($1)!=2},5,(v)？{len($1)!=2},1
国家后面紧跟一个 an 词性，且包含的 '的' 字符串数量超过3,国家 +(an) + 的 {count > 3},5,国家+(a)+的{count>3},1
一个名词后面跟着一个 a 类型的形容词，但不以 '刚 角 分 业' 结束,(n) + (a) {end($1) != [刚 + 角 + 分 + 业]},5,(n) (a) {end($1) ![刚 角 分 业]},
经验后面紧跟一个 w 类型的词，且包含的该词数量小于474,经验 (w) {count < 474},5,经验 (w){count<474},1
经验 (w) {count < 474},经验 (w) {count < 474},105,经验 (w){count < 474},1
动词后接瘦身，且动词长度大于1,(v)+瘦身{len($1)>1},5,(v) 瘦身{len($1)>1},
动词后接出新名词，且名词长度小于3,(v)+出新+(n){len($2)<3},5,(v)出新 (n){len($2)<3},
Ng后接中之Ng，且两者相同,(Ng)中之(Ng){$1=$2},5,(ng)中之(ng){$1=$2},1
历史后接名词，名词后接。且历史长度为2,历史+(n)+。{len($1)=2},5,历史 (n) 。{len($1)=2},1
吉林后接一个非两字符的动词，再接群众,吉林 (v) 群众{len($1)!=2},5,吉林+(v)+群众{len($1)!=2},1
后接一个非两字符的副词，再接将,后+(d)+将{len($1)!=2},5,(d) 将{len($1)!=2},
明确后接一个非两字符的名词，再接环节,明确 (n) 环节{len($1)=2},5,明确+(n)+环节{len($1)=2},1
不和也必须相同且都是单个字符,不(v)也(v){$1=$2;len($1)=1},5,(a)不和(a){$1=$2},
以'雪'、'总'、'载'开始的单词后接任意单词，构成'高原',(n) 高原{begin($1)=[雪 总 载]},5,(n)+高原{begin($1)=[雪+总+载]},
动词后紧跟着'你们'、'一起'、'的'、'医生'、逗号，且动词前后两个单词长度都不为2,(v)+你们+一起+的+医生+，+(r){len($1)!=2; len($2)!=2},5,(v)+你们+一起+的+医生+，+(m){len($1)!=2; len($2)!=2},
以'介入'开始，后跟'y'，再跟问号，且'介入'长度不为2,介入+(y)+？{len($1)!=2},5,介入 (y) ？{len($1)!=2},
包含‘要’，并且‘要’不以‘醒’或‘角’作为开始,(d) 要{begin($1)!=[醒 角]},5,(d)+要{begin($1)!=[醒+角]},
包含形容词后接长度为2的动词,(an) (v){len($1)=2; len($2)=1},5,(a)越(v){len($1)=2;len($2)=1},
包含动词后接‘多少’、‘心碎’、‘的’和‘眼泪’，且动词长度不等于3,(v) 多少 心碎 的 眼泪 (w){len($1)!=3},5,(v)+多少+心碎+的+眼泪+(w){len($1)!=3},
包含‘m’后接相同的‘m’,m中的m{$1=$2},5,(m)中的(m){$1=$2},
包含党委后接一个非三个字符的名词，且以空格隔开,党委 (n) 、{len($1)!=3},5,党委 (n) 影响{len($1)!=3},
包含两个长度为两个字符的词语，且第二个词语以命运丢萌当组合开头，且以空格隔开,(ns) (n){len($1)=2; begin($2)=[命运 丢 萌 当]},5,命运+丢/n+萌+当/d,
动词 + 也 + 动词（两个动词相同）,(v)也(v)不得{$1=$2},5,(v)也(v) {$1=$2},1
名词 + 烟囱（名词以据晚夸结尾）,(n)+烟囱{end($1)=[据+晚+夸]},5,(n) 烟囱{end($1)=[据 晚 夸]},1
包含一个以w开头的单词、竞争、促进、动词，且促进之后的动词不能是内、巴、三的组合,(w)+竞争+促进+(vn){begin($2)!=[内+巴+三]},5,(w)+竞争+促进+(v){end($2)!=[内+巴+三]},
包含一个以d开头的副词、留下、今日、一个动词，且留下和今日不能是同一个词,(d)+留下+今日+(v){$1!=$2},5,(d) 留下 今日 (v){$1!=$2},
包含一个以ns开头的词、政法，且政法的长度大于1,(ns)+政法{len($1)>1},5,(ns) 政法{len($1)>1},
比后接d，d后再次接d，并且这两个d相同,比d还d{$1=$2},5,比(d)了(d){$1=$2},
n后接的词语长度大于1，最后接的词语不包含肿、断、气、乖,(n) 的 邻居 是 养 (n){len($1)>1; end($2)!=[肿 断 气 乖]},5,(n) 的{len($1)>1; len($2)!=[肿 断 气 乖]},
在'靳宇文'后接动词，之后紧跟句尾符号。实例数量大于3个,靳宇文 (v) 。{count>3},5,靳宇文+(v)+。,
那后面紧跟名词，之后紧跟句尾符号。名词长度大于1,那 (n) 。{len($1)>1},5,那+(n)+。,
由双音节名词和双音节动词组成的短语，名词和动词长度均大于1,(vn)+用地+(n){len($1)>1; len($2)>1},5,(n)+(v){len($1)>1; len($2)>1},
流通业后紧跟名词，实例数量大于9个,流通业 (w){count>9},5,流通业+(w){count>9},
挑到后紧跟小句，小句长度小于3,(挑到 (m) 。{len($1)<3},5,(挑到+(m)+。{len($1)<3},
为和付都是r开头的词语，长度均小于4,(为(r)付(r){len($1)<4;len($2)<4},5,为(r)付(r){len($1)<4;len($2)<4},
生态后紧跟N开头的词语，建设，结尾不等于批+母,(生态 (n) 建设{end($1)!=[批 母]},5,(生态+(n)+建设{end($1)!=[批+母]},
。标点，长度不等于5,(i) 。{len($1)!=5},5,。 (w){len($1)!=5},
邓后接摄，摄后接平、亚、刘、份的组合,邓 (nr) 摄{end($1)=[平 亚 刘 份]},5,邓+(nr)+摄{end($1)=[平+亚+刘+份]},
萝卜后接了，了长度为1,萝卜+(a)+了{len($1)=1},5,(罗+e)了{len($1)=1},
n后接依然，依然以面、晒结尾,(n)+依然{end($1)=[面+晒]},5,(n) 依然{end($1)=[面 晒]},1
包含动词和副词，且这两个词不同,(v) (d){$1!=$2},5,(v)+(d){$1!=$2},1
包含两个'都别'，且这两个'都别'完全相同,(V)都别(V) {$1=$2},5,(V)都别(V)+{$1=$2},
包含两个'忽'，且这两个'忽'不同,(忽)忽{ $1!=$2},5,(忽)忽{($1)!=[忽+]},
"动词""发展""后跟长度大于1的词语",(v) 发展{len($1)>1},5,(v)+发展{len($1)>1},
名词后跟逗号，再跟长度为2的动词,(n) ， 让 (v){len($2)=2},5,(n)+，+人+(v){len($2)=2},
"重要后跟名词，再跟句点，且""重要""不以远+恶+长开头",(重要 (n)) 。{begin($1)!=[远 恶 长]},5,(重要+n)。{begin($1)!=[远+恶+长]},
"中央后跟""权威""，且出现次数大于6",(中央 (u) 权威){count>6},5,(中央+n)+权威{count>6},
是后接名词化率，出现次数超过10次,是+(n)+化率{count>10},5,是 (n) 化率{count>10},
宣誓后接动词，动词后邻职等挑,宣誓 (v){end($1)=[职 等 挑]},5,宣誓+(v)+等{end($1)=[职+挑]},
代词r后接的中的r,(r)中的(r){$1=$2},5,r中的r,
动词后接着，再接一大，且字符串长度分别为不等于3和2,(v)+着+一大+(q){len($1)!=3; len($2)!=2},5,(v)+、{len($1)!=3; len($2)!=2},
葆后面跟着长度少于3的名词,葆 (n){len($1)<3},5,葆+(n){len($1)<3},1
书记后面紧跟着当，且出现次数少于780次,书记 (w) 当{count<780},5,书记+(w)+当{count<780},
n（名词）后面跟着方向、咋、选择，且整个组合长度大于1,(n) 方向 咋 选择 (w){len($1)>1},5,(n)+方向+咋+选择+(w){len($1)>1},
没动词和就动词相同,没(v)就(v){$1=$2},5,没(v)就(v)了{$1=$2},
名词后面紧跟的词语数量超过4,(n)+还{count>4},5,(n)+说{count>4},
村后面紧接着非长度为2的动词,村 (v) 变迁{len($1)!=2},5,村+(v)+标签{len($1)!=2},
非标准名称深圳后面紧跟的词语数量超过4,(ns) 深圳{count>4},5,(ns)+深圳{count>4},
两个名词，第一个名词末尾不为丁+穷+破，第二个名词长度大于1,(n)+(n){end($1)!=[丁+穷+破]; len($2)>1},5,(n)+(n){end($1)!=[丁+穷+破]},
用心后接单词数量大于5的句子,用心 (w){count>5},5,用心+(w){count>5},
六后接动词，动词长度为1,六 (v) 健全{len($1)=1},5,六+(v)+是{len($1)=1},
包含以v开头的动词，之后是面临，再之后是哪些，最后是长度不等于3的动名词,(v) 面临 哪些 (vn){len($2)!=3},5,(v)+面临+哪些+(vn){len($2)!=3},
包含长度不等于2的名词，之后是逗号，再之后是长度为2的副词,(n) ， 别 (ad){len($1)!=2; len($2)=2},5,(n)+，+的+(d){len($1)!=2; len($2)=2},
包含动词之后是什么，再之后是动词，且这两个动词相同，同时动词长度为2,(v)什么(v){$1=$2;len($1)=2},5,(v)是什么(v){$1=$2;len($1)=2},
包含社保之后是动词，再之后是属于，且这样的组合数量少于919个,社保 (v) 属于{count<919},5,社保+(v)+属于{count<919},1
动词后接非三个字的鸟，再接动词,(v) 鸟 (v){len($2)!=3},5,(v) 鸟 (v),
别说后面接的单词数量少于15个,别说~就是{len($1)<15},5,别说 (w){count<15},
动词后接了，再接动词，且两个动词不同且为单音节,(v)了又(v){$1!=$2;len($1)=1},5,(v) 了 (v) {$1!=$2; len($1)<=2},
的后接非三个字的名词，句尾为句点,的 (n) 。{len($1)!=3},5,的+(n)+。{len($1)!=3},1
名词后接名词，且两个名词相同,(n)就(n)了{$1=$2},5,(n)中的(n){$1=$2},
名词后接非三字,(n) 为{len($1)!=3},5,(n) 说{len($1)!=3},
给出后接超过2个u，再接相反,(给出)+(u)+相反{count>2},5,给出 (u) 相反{count>2},
名词和介词组成的短语，名词长度为2，介词长度不为2,(n)+(p){len($1)=2; len($2)!=2},5,(n) (p){len($1)=2; len($2)!=2},1
连词这时后面接非2长度的动词，后面紧跟才,这时 (r) 才{len($1)!=2},5,这时+(r)+才{len($1)!=2},
名词为后面接名词或动词，且两者长度均小于4,为(n)买(n){len($1)<4;len($2)<4},5,为+(n)+(v){len($1)<4; len($2)<4},
形容词希望后面接w后缀的词，出现次数少于955次,希望 (w){count<955},5,希望+(w){count<955},
包含'穿越'后面跟长度为2的名词的句子,穿越 (n){len($1)=2},5,穿越+(n){len($1)=2},1
包含名词后紧跟长度不超过4的单词的句子,(n) (w){len($1)<4},5,(n)+(w){len($1)<4},
包含'不如'后面跟动词，且膀子的长度超过1个字符的句子,(不如)(v)+膀子{len($1)>1},5,不如+(v)+膀子{len($1)>1},1
紧跟'十'，出现次数超过6次,(w) 十{count>6},5,(w)+十{count>6},
包含'突破性'和'还有'，且出现次数超过3次,突破性 (n) 还有{count>3},5,突破性+(n)+还有{count>3},
单音节动词后紧跟一个长度为2的形容词,./v (a){len($1)=2},5,./v+(a){len($1)=2},1
以'间'开头，紧跟名词，且出现次数超过3次,间+(n)+风采{count>3},5,间+(n){count>3},1
引发后面接国际，且第二个单词长度为2,(n) 引发 国际 (n){len($2)=2},5,(n)+引发+国际+(n){len($2)=2},
树后面接穷山，且穷山的数量少于868个,树 (w) 穷山{count<868},5,树+(w)+穷山{count<868},
融资后面接一个名词，且开头不包含称、拼、梅,融资+(n)+。{begin($1)!=[称+拼+梅]},5,融资+(n)+发展{begin($1)!=[称+拼+梅]},
包含农民工，后接一个名词，保护，且保护的长度不等于3个字符,农民工 (n) 保护{len($1)!=3},5,农民工+(n)+保护{len($1)!=3},1
包含叶，后接一个专名，出现次数少于212次,叶 (nr){count<212},5,叶+(nr){count<212},
包含两个相同的动词，也甭,(v)也甭(v){$1=$2},5,(v)也甭(v)也讫{$1=$2},
包含一个逗号，后接一个动词，紧跟你，出现次数少于603次,， (v) 你{count<603},5,，+(v)+你{count<603},1
卢后面接人名，之后是说，总实例数少于174,卢+(nr)+说{count<174},5,卢 (nr) 说{count<174},1
高居后面接名词，总实例数少于395,高居 (n){count<395},5,高居+(n){count<395},1
做好后面接一个长度大于1的f类词,做好+(f)+几{len($1)>1},5,做好+(f){len($1)>1},1
反后面接长度为2的动词，之后是节约,反 (v) 节约{len($1)=2},5,反+(v)+节约{len($1)=2},1
是后接单音节助词，且'晒'出现次数少于257次,是+(p)+晒{count<257},5,是+(u)+晒{count<257},1
镇年是单音节形容词，财政收入的长度不等于2,(a)+镇年+财政+收入+的+(q){len($1)=1; len($2)!=2},5,(ns) 镇 年 (a){len($1)!=2},
名词后接长度大于1的字,(n)+不{len($1)>1},5,(n)+(w){len($1)>1},
单音节动词与后面的单音节词相同,(v) (w){$1=$2},5,(v)+(w){$1=$2},
单词后接是、科学、精神，然后重复单词，两个单词内容相同,(w)+是+科学+精神+(w){$1=$2},5,(w)是(科学)精神(m){$1=$2},
名词后接两个的，这两个的不能相同,什么(n)的(n)的{$1!=$2},5,(n)两个的(n){$1!=$2},
同比后接一个动词，动词出现次数超过3次,同比+(v){count>3},5,同比+(v)+次{count>3},
以'd'开头的'上'出现次数大于6,(d) 上{count>6},5,(d)+上{count>6},
nr词性后紧跟着一个词性d，且师傅这个词是1个字，d词性长度不等于3,(nr) 师傅 (d){len($1)=1; len($2)!=3},5,(nr)+师傅+(d){len($1)=1; len($2)!=3},
将后面紧跟着一个长度为2的名词,将 (n){len($1)=2},5,将+(n){len($1)=2},1
"含有""他""，后面跟副词""单独""，且出现次数小于332",他+(d)+单独{count<332},5,他 (d) 单独{count<332},
"含有""说""和""不""，且两者相等",说(n)不(n){$1=$2},5,说(a)不(a){$1=$2},
没动词与就形容词相同的句子,没v就a{$1=$2},5,没(v)就(a){$1=$2},
名词前接'的'，且名词长度为2的句子,的+(n)+。{len($1)=2},5,hr+(n)+的{len($1)=2},
动词后接'的'再接动词，且两者相同位置的句子,(v)的又(v){$1=$2},5,(v) 的 (v) 了{$1=$2},1
依法后接政、跳、餐、惨之一，之后接句尾点的句子,依法 (v) 。{end($1)=[政 跳 餐 惨]},5,依法+(v)+。{end($1)=[政+跳+餐+惨]},
包含'曹道衡'，且'曹道衡'后面紧跟一个单词，出现次数超过8次,曹道衡 (w){count>8},5,曹道衡+(w){count>8},
'要'和'不'这两个动词完全相等，出现次数至少一次,要(v)+不+(v){$1=$2},5,要(v)不(v){$1=$2},
包含以'优化'开头的动词，且这个动词由升、杯、说、没四个词组成，后紧跟一个句号,优化+(v)+。{begin($1)=[升+杯+说+没]},5,优化+(v)+{begin($1)=[升+杯+说+没]},
包含以'探索'开头的n类词，且这个n类词长度为2,探索+(n)+收益{len($1)=2},5,(n) 探索{len($1)=2},
句子中包含z， '的'， 然后是n，并且整个元素长度为3,(z)+的+(n)+{len($1)=3},5,(z) 的 (n){len($1)=3},
句子中包含a后接的a，并且两个a相同,a中的a{$1=$2},5,(a)的(a){$1=$2},1
查询变后面跟一个n类型的词语，且不以怪+上开头,变 (n) ，{begin($1)!=[怪 上]},5,变+(n)+，{begin($1)!=[怪+上]},
查询不仅后面跟一个v类型的词语，且荣誉出现次数少于274次,不仅 (v) 荣誉{count<274},5,不仅+(v)+荣誉{count<274},1
查询地方后面跟一个v类型的词语，且就是出现次数大于9次,地方+(v)+就是{count>9},5,地方+(v){count>9},
d后接振一振，但振一振不包含粉、而、挑,(d)+振一振{end($1)!=[粉+而+挑]},5,(d) 振一振{end($1)!=[粉 而 挑]},
热情后接的动词以请、网、麽结尾,热情+(v)+。{end($1)=[请+网+麽]},5,热情 (v){end($1)=[请 网 麽]},1
经历后接改和而，出现次数少于306次,经历+(v){end($1)=[改+而]},5,经历+(p)+改+而{count<306},
(为何)后面紧跟一个长度为2的字符序列,为何 (r) 之{len($1)=2},5,(为何)板{len($1)=2},
一个动词后面紧跟一个或多个是，后面再跟一个形容词，且整个表达长度超过1,(v)+是+(r){len($1)>1},5,(v) 是 . 能 (i){len($1)>1},
民俗后面紧跟一个以[景 卖 美]结尾的名词，后面紧跟一个句点,民俗 (n) 。{end($1)=[景 卖 美]},5,民俗+(n)+。{end($1)=[景+卖+美]},1
nt后面紧跟一个以[韩 雪 拿]开始的晋级,(nt) 晋级{begin($1)=[韩 雪 拿]},5,(nt)+晋级{begin($1)=[韩+雪+拿]},
名词后接李旦，整个表达式长度不为3,(n) 李旦 (w){len($1)!=3},5,(n)+李旦+(w){len($1)!=3},
是后接单音节代词，且这样的组合数量超过3个,是 (r) 的{count>3},5,是+(r)+的{count>3},
党政后接名词，再接变身，且这样的组合长度为2,党政 (n) 变身{len($1)=2},5,党政+(n)+变身{len($1)=2},1
逗号后紧跟至少一个名词，该名词以业、子、赌结束；逗号后紧跟专家名词，该名词以业、子、赌结束,，+(n)+专家{end($1)=[业+子+赌]}，， (n) 专家{end($1)=[业 子 赌]},5,，+(n)+专家{end($1)=[业+子+赌]},
向、付动词长度均不超过4个字符；写好名词后不紧跟灵、现、付,向(r)付(r){len($1)<4;len($2)<4}，写好+(n)+的{begin($1)!=[灵+现+付]}，写好 (n) 的{begin($1)!=[灵 现 付]},5,向(v)好写好(n){len($1)<4;len($2)<4},
向(r)付(r){len($1)<4;len($2)<4}，写好+(n)+的{begin($1)!=[灵+现+付]}，写好 (n) 的{begin($1)!=[灵 现 付]},向(r)付(r){len($1)<4;len($2)<4}，写好+(n)+的{begin($1)!=[灵+现+付]}，写好 (n) 的{begin($1)!=[灵 现 付]},105,向(r)付(r){len($1)<4;len($2)<4}，写好+(n)+的{begin($1)!=[灵+现+付]},
动词之后的词语序列长度大于1，包括‘收受’和‘贿赂’,(v)+、+收受+贿赂+(u){len($1)>1},5,(v)+受人+(vn){len($2)>1; len($1)>1},
(v)+、+收受+贿赂+(u){len($1)>1},(v)+、+收受+贿赂+(u){len($1)>1},105,(v)+、+受人+贿赂+(u){len($1)>1},1
动词‘要’之后紧跟‘厂’，且整个动词序列长度为1,要+(v)+厂{len($1)=1},5,要 (v) 厂{len($1)=1},
动词、形容词和名词组成的序列前后相同,([v a n])是([v a n])了{$1=$2},5,(v)得(a)了{$1=$2},
‘柯洁’之后动词‘v’，且不以‘盘’、‘快’、‘紧’开头,柯洁+(v)+冠军{begin($1)!=[盘+快+紧]},5,柯洁+(v){begin($1)!=[盘+快+紧]},1
引入后邻接力量，且引入的长度为2个字符,引入+(n)+力量{len($1)=2},5,引入 (n) 力量{len($1)=2},
ns后邻接锻造，再后邻接一个长度为3的nz,(ns)+锻造+(nz){len($1)!=3; len($2)=3},5,ns+锻造+(nz){len($1)=2; len($2)=3},
行政后邻接挂牌，且开始部分由批、金、永构成,行政 (n) 挂牌{mid($1)=[批 金 永]},5,行政+(n)+挂牌{begin($1)=[批+金+永]},
a后邻接一个开始部分由艰、赚、表、建构成的的,(a) 的{begin($1)=[艰 赚 表 建]},5,(a)的{begin($1)=[艰+赚+表+建构]}{begin($2)=[艰+赚+表、建构],
座之后的名词以城、亮、雷、输开头，被作为句尾,座+(n)+被{begin($1)=[城+亮+雷+输]},5,座 (n) 影响{end($1)=[城 亮 雷 输]},
一之后的形容词不为2个字,一 (q) 深刻{len($1)!=2},5,一+(q)+密码{len($1)!=2},
给和供都是少于4个字的词,给(n)供(n){len($1)<4;len($2)<4},5,给(n)供(r){len($1)<4;len($2)<4},
细腻之后的大师以演、丁、勒、呢开头,细腻 (vn) 大师{begin($1)=[演 丁 勒 呢]},5,细腻+(vn)+大师{begin($1)=[演+丁+勒+呢]},
以'是'开头，后面跟一个名词得到的句子，且这个名词的长度不等于3,是 (n) 得到{len($1)!=3},5,是+(n)+得到{len($1)!=3},1
担当后面跟一个名词，且这个名词不以'无+空'作为结尾,担当+(n){end($1)!=[无+空]},5,担当+(n)+责任{end($1)!=[无+空]},
两个a也罢之间必须有不同内容,(a)也罢(a)也罢{$1!=$2},5,(a)也罢(a)必须{$1!=$2},
一个名词到底是不是另一个相同的名词,(n)到底是(n){$1=$2},5,(n)到底(n){$1=$2},
名词接哲学，后面接发展，以路+挨+刷+刘结尾,(ns) 哲学 发展 (n){end($2)=[路 挨 刷 刘]},5,(n)+哲学+发展+(n){end($2)=[路+挨+刷+刘]},
动词接热点，后面接读+鸡+装,热点+(v){end($1)=[读+鸡+装]},5,热点+读/v+鸡+装,
名词接是，后面接疑问代词，疑问代词长度不为2,(n)+是+(q){len($2)!=2},5,(n) 是 (w){len($1)!=2},
代词接一，出现次数大于3,(r) 一{count>3},5,(r)+一{count>3},1
逗号后紧跟着单音节动词，开头不为'嫌'、'微'、'不'、'每',，+(v)+更{begin($1)!=[嫌+微+不+每]},5,，+(v)+不{begin($1)!=[嫌+微+不+每]},
以'病'开头，后紧跟着单音节名词，'当'后紧跟着名词,(p)+病人+当+(n){len($1)=1},5,病 ../n 当,
钮小桦后紧跟着人名，结尾不为'怕'、'该'、'根',钮小桦 (nr){end($1)!=[怕 该 根]},5,钮小桦+(nr){end($1)!=[怕+该+根]},1
人名后紧跟着三个音节的动词，动词结尾为'无嫌徐',(nr)+早就+(v){len($1)=3; end($2)=[v+无+嫌+徐]},5,(nr)+(v){end($1)=[无嫌+徐]},
了后紧跟名词，名词末尾不为[超， 嫌],了+(n)+。{end($1)!=[超+嫌]},5,了 (n) 之中{end($1)!=[超 嫌]},
名词+不+名词，且两名词完全相同,(n)不(n)的{$1=$2},5,(n)不(n){$1=$2},1
NR后紧跟面露，之后紧跟名词，NR长度小于3，名词长度大于1,(nr) 面露 (n){len($1)<3; len($2)>1},5,(nr)+面露+(n){len($1)<3; len($2)>1},
两个名词相同,(n)终归是(n){$1=$2}+,5,../n../n,
吴春说后面跟着一个单词，且实例数量少于767,吴春说+(w){count<767},5,吴春 (w){count<767},
一个动词和一个由两个字符组成的词,(v) (t){len($1)=1; len($2)=2},5,(v)+(t){len($1)=1; len($2)=2},
"贵州后面跟着一个名词，且该名词以""县 俩 娘""开始",贵州 (n) 通{begin($1)=[县 俩 娘]},5,贵州 (n),
"这后接副词，且""这""的长度不等于2个字符",这+(d)+为{len($1)!=2},5,这+(d)+于{len($1)!=2},
"动词后接""惠民、实绩、贴心""，且排除由""力、哎、血、订""组成的组合",(v)+惠民+，+实绩+贴心+(w){begin($1)!=[力+哎+血+订]},5,(v) 惠民 实绩 贴心 (w){$1!=[力 哎 血 订]},
说的出现次数少于637次,说 (w){count<637},5,说+(w){count<637},
"逗号后接名词，且""为重""的长度大于1个字符",， (n) 为重{len($1)>1},5,，+(n)+为重{len($1)>1},1
中非后接的动词组长度为2的句子,中非+(v)+共赢{len($1)=2},5,中非+(v)+满足{len($1)=2},
在职后接的名词不以再+度+特开始的句子,在职+(n){begin($1)!=[再+度+特]},5,在职 (n){begin($1)!=[再 度 特]},
所有后接的动名词数量小于582的句子,所有 (vn) 的{count<582},5,所有+(vn)+的{count<582},
观察后接名词，观察长度为2个字符,观察(n)*w{len($1)=2},5,观察+(n){len($1)=2},1
更多后接名词，话题长度大于1,更多 (n) 话题{len($1)>1},5,更多+(n)+话题{len($1)>1},1
名词后接'不'，再接名词，内容相同,什么(n)不(n)的{$1=$2},5,(n)不(n){$1=$2},
方后接动词，进步长度为1个字符,方 (v) 进步{len($1)=1},5,方+(v)+进步{len($1)=1},1
卖和给的长度均小于4个字符,卖(n)给(n){len($1)<4;len($2)<4},5,卖(r)给(r){len($1)<4;len($2)<4},
暴风的长度为2个字符,暴风(v){len($1)=2},5,暴风(n)*w{len($1)=2},
以幸运开头的单词，单词长度为1,(d) 幸运{len($1)=1},5,(d)+幸运{len($1)=1},
包含'效乡贤'的成语，长度不为5,(i) 效乡贤{len($1)!=5},5,(i)+效乡贤{len($1)!=5},
长度小于3的名词,(n) 该{len($1)<3},5,(n)+说{len($1)<3},
以'立区'开头的动词后接'一个'，单词长度不为2,(立区) (v) 一个{len($1)!=2},5,(立区)+(v)+一个{len($1)!=2},
名词后接连词，名词长度为2，连词长度不为2,(n)+(c){len($1)=2; len($2)!=2},5,(n) 连(n){len($1)=2; len($2)!=2},
违法后接名词，然后是低，且名词的实例数量大于7,违法+(n)+低{count>7},5,违法 (n) 低{count>7},1
第二后接未知词，然后是组织，且未知词实例长度不等于2,第二+(q)+组织{len($1)!=2},5,第二 (n) 组织{len($1)!=2},
名语素后接逗号，然后是改革，且改革的实例长度不等于3,(m) ， 改革 (v){len($2)!=3},5,(m)+，+改革+(v){len($2)!=3},
银行后接动词，动词后不接赖、哪、湖,银行 (v) 吗{begin($1)!=[赖 哪 湖]},5,银行+(v)+吗{end($1)!=[赖+哪+湖]},
的理想后接名词，名词长度小于3,的 (u) 理想 (n){len($2)<3},5,的 (n) 理想{len($1)<3},
名词后接也，也后不接白、病、朋、活,(n)+也+有+(n){end($1)!=[白+病+朋+活]},5,(n) 也{end($1)!=[白 病 朋 活]},
就后接副词，副词出现次数少于734次,就+(u)+落地生根{count<734},5,就 (d) 事{count<734},
包含一个人名后面紧跟'一流'、后面是一个长度为2的名词的句子,(nr) 一流 (n){len($1)=2},5,(nr)+一流+(n){len($1)=2},
包含助词后跟'倒是'和动词，且实例数量少于452的句子,(w)+倒是+(v){count<452},5,倒是+(w)+、{count<452},
包含两个相同的动词，如'是'的句子,(v)是(v){$1=$2},5,是(v)是(v){$1=$2},
包含'私分'后跟动词，动词后又跟着'挪用'，且实例数量少于878的句子,挪用 (w) 私分{count<878},5,私分+(v)+挪用{count<878},1
包含少于228个实例的'机遇',机遇 (w){count<228},5,机遇+(w){count<228},
单音节词'w'后接'w'，且两者相同,（w）+(a){$1=$2},5,(w)中的(w){$1=$2},
动词后接'经济'，且动词开始于'应'、'陪'、'如'、'知'之一,积极 (v) 经济{begin($1)=[应 陪 如 知]},5,经济 (v){begin($1)=[应 陪 如 知]},
形容词后接名词，且名词长度为2,绿色+(n)+何处{len($1)=2},5,两 (n){len($1)=2},
描述了'鼎力'出现超过两次的句子,(n) 鼎力{count>2},5,鼎力 (w){count>2},
描述了'环保局'后紧跟一个名词，以'副 换'开头的句子,环保局 (n) 叶励光{begin($1)=[副 换]},5,环保局+(n)+副+换,
描述了'方'后紧跟一个动词，动词出现次数少于580次的句子,方 (v) 成{count<580},5,方+(v)+到{count<580},
描述了'r'后紧跟一个由多个词组成的组合，组合长度不为3的句子,(r) 一 件 无比 遗憾 的 (n){len($1)!=3},5,(r)+法+头{len($1)!=3},
形容词后接'冷眼'，再接形容词，实例数量大于7,(r) 冷眼 向 (a){count>7},5,(r)+冷眼+(a){count>7},
内府后接动词，动词长度大于3,内府 (v) 。{len($1)>3},5,内府+(v)+。{len($1)>3},
和后接名词，名词的开始不能是'产、望、生、按',和 (n) 发展{begin($1)=[产 望 生 按]},5,和+(n)+发展{begin($1)=[产+望+生+按]},
农民后接动词，动词长度为2,(农民) (v) 不{len($1)=2},5,农民 (v) 适应{len($1)=2},
序列以化结尾，长度为3的序列,(~){end($1)=[化];len($1)=3},5,(n)+化{len($1)=3},
的后面接形容词，一作为内容，一前面包含关+赚,的 (a) 一{begin($1)=[关 赚]},5,的+(a)+一{begin($1)=[关+赚]},
天价后面接动名词，费用作为内容，天价不包含很+踢+德+嫁,天价 (vn) 费用{begin($1)!=[很 踢 德 嫁]},5,天价+(vn)+费用{begin($1)!=[很+踢+德+嫁]},
模式后面接模式，转型作为内容，出现次数大于9,模式+(u)+转型{count>9},5,模式+(t)+转型{count>9},
两个名词，第一个和第二个不同,(n)也好(n)也罢{$1!=$2},5,(n)+(n){$1!=$2},1
薪火相传后面接的字，莫过于斯出现次数小于476,薪火相传 (w) 莫过于斯{count<476},5,薪火相传+(w)+莫过于斯{count<476},
企业后面接的动词，长度不等于3,企业+(v)+提升{len($1)!=3},5,企业+(v)+说{len($1)!=3},
王浩伦后面接的动词，长度不等于3,王浩伦 (v) 。{len($1)!=3},5,王浩伦+(v)+。{len($1)!=3},
包含'为'和'冬泳'，且'为'后面不包含'未+红',为 (t) 冬泳{end($1)!=[未 红]},5,为+(nr)+冬泳{end($1)!=[未+红]},
机房为双音节动词,机房*v,6,机房 /v,
才后面跟单字连词，再接了,才.了w,6,才..+了,
你们..之后直接接起来,你们.. 起来w,6,你们.. 起来,
好像后离合出现再接了,好像*了。,6,好像*了,
我..之后加上一个字后接了,我.+v了,6,我..+了w,
她后邻一个词，这个词以+开头，再接一个词w的句子,她.+起来w,6,她.+*w,
也许后接一个词，这个词以*开头，再接分明的句子,也许*分明,6,也许*了。,
我后接一个连词，然后是上来,我.. 上来w,6,我..+上来w,
动词下后面离合出现害怕,V下*害怕,6,下*害怕,
是后面离合出现的、,是*的、,6,是*的，,
动词后接得d，再接句尾,v得d.w,6,得d+,
一后加一个词，这个词后接是一，再接一个点,(a)一(.)是一(.),6,一.是一.,
都快后接一系列标点符号，再接了,都快...........了,6,都快....了,
恐怕后面离合出现死活,恐怕*死活v,6,恐怕*死活,1
一后接一个动词，该动词是就,一*就,6,一(v)就,
nr后接一个动词，该动词是征服了,nr*征服了,6,nr 征服了,
即使后接一个表示进一步的词,即使*再,6,即使~了,
似乎后接一个表示感叹的词、一个标点符号,似乎*啊。,6,似乎*吧！,
有什么后面隔一个字后接的是,有什么.的,6,有什么.的是,1
数字一后面隔一个字后接一再隔一个字后接数字,一.一.,6,一.一再.数字,
怎么说你后面离合出现好,怎么说你*好,6,怎么说*好,
不后面隔一个或多个字后接甚至,不...甚至,6,不.甚至,
~的符号后面紧接就是了,~就是了,6,~*就是了,
按后面离合出现说并出现句尾,按*说w,6,按* say 。,
照后面离合出现说,w照*说,6,照*说,1
那后面邻接量词和名词,那.m q n,6,那二q n,
动词后面接单个词性元素,v个@,6,v不.,
是后面离合出现一个词性元素、动词、的、ng、一个词,是+*+v+的+ng+w,6,是*的ng,
w后面隔一个字后接十有、九或包含一个词后接十有、九,w十有*九w,6,w十.九w,
牛后面隔一个字后接一个词或包含一个词后接一个词,牛....头,6,牛..+,
逢后面隔一个字后接必,逢..必,6,逢...必,
一后面隔一个字后接了之,一.了之,6,一.之,1
药房后接单音节动词,药房*v,6,药房./v,1
只要后面离合出现就,只要*就*,6,只要*就,1
被后接多个动词,被*+v+v+v,6,被v*v,
名词后接一个词,n的~vn,6,n+~,1
他后面加上回再接去w,他.+回去w,6,他.回.去w,
龙后面隔一个字后接虎.,龙.虎.,6,龙..+虎.,
她后面跟两个省略号，然后是过去,她.. 过去w,6,她..+过去w,
你后面跟一个名词，然后是省略号，最后是逗号,你一个...........，,6,你一个*，,
句尾有空格隔开的来和去,.来.去,6,./v来 ./v去,
看在特定词性后面，再接表示脸上的词,看在@的脸上,6,看在@脸上,
形容词后面跟着的回忆,a.回忆,6,a的回忆,1
n们后接.，然后直接.v了,n们. .v了,6,n们.v了,
她后接句点，然后是进去w,她. 进去w,6,她.进去w,
她后接一个词，该词后接下去。,她.+下去w,6,她..+下去w,
张后面隔一个字后接弛。,w张.弛w,6,张..弛,
他后面直接接起来。,他.. 起来w,6,他. 起来,
动词后接起来。,v起.来+,6,v起来,1
句尾是‘绝了’，中间可能有标点符号，最后以感叹号结尾,.绝了！,6,绝了 ./n,
指示代词'那'后接多个元素，表示特定的指示或描述,那........m+q+n,6,那这些,
在后面离合出现下，然后下后面接一个词性,在*下w,6,在*下*,
以你开头，后接.，紧接着回去，最后以w结尾。,你. 回去w,6,你.回去w,1
动词后面跟上、甜美,v上*甜美,6,v上甜美,1
别有作为一个整体词,别有*风味,6,别有,1
比后面跟..，然后跟的,比..的,6,比..然后的,
w后面离合出现而不是,w而不是*,6,w*w而不是,
逢后面跟一个省略号，省略号后面跟一个字，再跟一个必字,逢.....必,6,逢....必,
再后接一个词性，即再后接一个词,再@也,6,再v+w,
了后面隔一个字后接来,了..来,6,了.来w,
是后面紧跟@，再接的单词以w结尾,是 * @ 的w,6,是@的w,
非后邻形容词或动词或名词、再接不可,几乎*好像,6,大概*吧！,
非后邻形容词或动词或名词、再接不可,几乎*好像,6,似乎*了,
非后邻形容词或动词或名词、再接不可,几乎*好像,6,似乎*？与？,
非后邻形容词或动词或名词、再接不可,几乎*好像,6,或许*吧,
觉得后接一个词性,我觉得@,6,觉得@,
你们一个后面离合出现某词，最后是分号,你们一个*；,6,你们一个*，,
猪后接一个词，中间隔一个或多个字后接'口',猪...口,6,猪..口,
进后面隔一个字后接来,进...来,6,进.来,1
只后面隔一个字后接没,只...没,6,只.没,1
随后面离合出现而,随*而*,6,随后*而,1
你后面隔多个字后接一个,你一个..........，,6,你一个.....,
仅后面跟着句尾符号，句尾符号跟着就,仅...就...,6,仅..就,
d后面跟再，再后接一个词，这个词后接吧,d 再.吧,6,d+再.吧,
拿后面离合出现一个词，然后是来说，后面是标点。,拿*来说，,6,拿*来说。,
看后面离合出现一个词，然后是把，再接多个字，然后是v，最后是得。,看把...v得,6,看*把...v得,
时间后面跟着一个像的比喻词，后面跟着名词,时间像..n,6,时间像r n,
向后面跟着空格，然后是一字的动词,向..   一v,6,向  ./v,1
时间是后接形容词，形容词后接名词,时间是a*n,6,时间+a+n,1
一个由多个点构成的短句，后接半晌,.半晌,6,......半晌,
动词后接上，然后离合出现雀跃,V上*雀跃,6,v上*雀跃,1
"是后面离合出现的""，""为标点符号","是*的""",6,是*的，,1
你们后面隔一个或多个字后接一个词，该词后接的为逗号,你们一个........，,6,你们一个*，,1
这样后接一个字后接就,这样一.就,6,这样~就,
她后接一个词性为动词的词后接了,她.+v了,6,她V了,1
你后接一个词性为数词的词后接一个词性为形容词的词后接一个逗号,你一个*的，,6,你一个*，,
说句后面隔一个字后接话,说句...话,6,说句.....话,
w表示句首，吸后面隔一个字后接呼，w表示句尾,w吸.呼w,6,w呼.吸w,
东后面隔一个字后接西,.东.西,6,w东.西w,
开始后面紧接动词V再接上,开始*V上,6,开始V上,1
把后面紧接一个形容词再接到,把.a到,6,把*a到,
这样接一系列不确定的字，最后是就，表示结果或结论。,这样一..就,6,这样/r 这样/r 就,
那后面接一系列不确定的字，然后是一个量词和名词，表示数量或状态。,那 ..m q n,6,那..q+n,
仅后面接一个量词，表示数量的限定。,仅*m,6,仅+*w,
w后面离合出现前后,w后.前w,6,w前后*,
该后面词性为n的词，再接@,该n @,6,该n+@,1
我后邻空格，然后是进来,我. 进来w,6,我.. 进来w,
既后邻一个由点、点组成的元素，然后是逗号，再后邻另一个由点、点组成的元素,既...，又...,6,既..，又..,
恐怕后面离合出现的，然后是句尾符号。,恐怕*的。,6,恐怕*吧。,
即将发生，可能含有省略的字或标点,就要...了,6,即将+../b,
都快后连续多个点后接'了',都快..............了,6,都快....了,
他后面隔一个或多个字符后接上，再接去，之后是w,他. 上去w,6,他..+上+去w,
动词后接机房,v*机房,6,v机房,1
草房后接动词,草房*v,6,草房 v,1
到底后面隔一个或多个字后接问号,到底...吗,6,到底..？,
动词后面连接病房,v*病房,6,v病房,1
他们是单字短句，句首前标点，或。，句尾符号不限，后面加一个空格，再接上来w,他们..+上来w,6,他们..+ here w,
我后面跟一个表示动作或状态的词，动作或状态词后面跟一个离合词,我.+下来w,6,我..+下去w,
她后面跟一个表示动作或状态的词，动作或状态词后面跟一个离合词,她..+回来w,6,她. 过去w,
..后面隔一个字后接一个词,望..兴叹,6,...的,
名词后面跟一个词或多个词，然后是再后面隔一个字后接吧。,n+再.吧,6,n[， 。]再吧,
s后面是再后面隔一个字后接吧。,s 再.吧,6,s+再.吧,1
她们后面接..符号，再接下去动词,她们.. 下去w,6,她们..+下去w,
说句后面隔一个字后接话,说句...话,6,说句....话,
她们后面隔一个词后接过去。,她们.. 过去w,6,她们..+过去w,
对后面离合出现的名词。,对*的n,6,对*名,
不如后面离合出现的好。,还不如*的好。,6,不如*的好。,1
里后面隔一个字后接.,里..,6,里.,
报后面隔一个字后接.,报不.,6,报... .,
谁后面隔一个字后接 能,谁.能,6,谁..能,
